label,text_mg
ham,"Mandehana hatramin'ny jurong point, adala.. Tsy misy afa-tsy any bugis n great world la e buffet... Cine any got amore wat..."
ham,Ok lar... Mivazivazy raha oni...
spam,Fidirana maimaim-poana amin'ny comp 2 isan-kerinandro mba handresena ny fiadiana ny amboara FA tkts 21 May 2005. Alefaso ny FA amin'ny 87121 hahazoana fanontaniana fidirana (std txt tahan'ny) T&C's mihatra 08452810075over18's
ham,Efa teneninao aloha hoe...
ham,Tsy heveriko fa mandeha any amin'ny usf izy fa eto izy no mipetraka
spam,"FreeMsg Hey ry malala fa efa 3 herinandro izao ary tsy misy valiny! Mbola mila mahafinaritra anao ve aho? Tb ok! XxX std chgs alefa, £1.50 ho an'ny rcv"
ham,Na ny rahalahiko aza tsy tia miresaka amiko. Mitondra ahy toy ny patanty fanampiana izy ireo.
ham,Araka ny fangatahanao 'Melle Melle (Oru Minnaminunginte Nurungu Vettam)' dia napetraka ho antso an-tariby ho an'ny mpiantso rehetra. Tsindrio *9 raha handika ny namanao Callertune
spam,MPANDRESY!! Amin'ny maha-mpanjifa tambajotra sarobidy anao dia voafidy handray valisoa £900 ianao! Raha mila fangatahana antsoy ny 09061701461. Kaody fangatahana KL341. 12 ora ihany no manankery.
spam,Efa 11 volana na mihoatra ve ny findainao? UR manan-jo hanavao ny finday miloko farany amin'ny fakan-tsary maimaim-poana! Antsoy maimaimpoana ny Mobile Update Co amin'ny 08002986030
ham,"Hody tsy ho ela aho ary tsy te hiresaka momba an'io zavatra io intsony aho anio alina, k? Efa nitomany aho androany."
spam,"ENINA ny fahafahana hahazo CASH! Manomboka amin'ny 100 ka hatramin'ny 20,000 pounds txt> CSH11 ary alefaso any amin'ny 87575. Vidiny 150p/andro, 6andro, 16+ TsandCs mihatra Reply HL 4 info"
spam,"MAIKA! Nahazo ny maha-mpikambana MAIMAIM-POANA mandritra ny herinandro ianao amin'ny Jackpot Loka £100,000! Txt ny teny: CLAIM to No: 81010 T&C www.dbuk.net LCCLTD POBOX 4403LDNW1A7RW18"
ham,Nitady teny mety aho mba hisaorana anao amin'ity fofonaina ity. Mampanantena aho fa tsy horaisiko ho tsinontsinona ny fanampianao ary hotanterahiko ny fampanantenako. Nahafinaritra sy fitahiana foana ianao.
ham,MANANA DATY AMIN'NY ALAHADY AMIN'NY WILL!!
spam,XXXMobileMovieClub: Raha hampiasa ny trosanao dia kitiho ny rohy WAP amin'ny hafatra txt manaraka na tsindrio eto >> http://wap. xxxmobilemovieclub.com?n=QJKGIGHJJGCBL
ham,Oh k...mijery eto aho :)
ham,"Eh tadidinao ny fomba fanononana ny anarany... Eny, nataoko. Izy v maditra manao mandra i v lena."
ham,Tsara raha izany no tsapanao. Izany no fomba gota b
spam,"Angleterre v Macedonia - aza adino ny tanjona / vaovaon'ny ekipa. Alefaso amin'ny 87077 ny ekipam-pirenenao, ohatra, ENGLAND amin'ny 87077 Andramo: WALES, SCOTLAND 4txt/ú1.20 POBOXox36504W45WQ 16+"
ham,Tena izany ve ny fomba fanononanao ny anarany?
ham,Hanandrana 2 volana aho ha ha vazivazy fotsiny
ham,Ka ü mandoa aloha lar... Dia rahoviana no tonga ny stock...
ham,Rehefa vita ny sakafo atoandro dia lasa midina aho. Ady 3 smth lor. Efa vita ny sakafo atoandro?
ham,"Fffffffff. Eny ary, tsy afaka hihaona aminao aloha kokoa aho?"
ham,Nanery ny tenako hihinana tapa-kazo fotsiny. Tena tsy noana aho. Mampalahelo izany. Lasa manahy i Mark. Fantany fa marary aho rehefa mandà pizza. Tpt
ham,Lol maharesy lahatra foana ianao.
ham,Nahazo bus ve ianao? Endasina atody ve ianao ? Nanao dite ve ianao? Mihinana ny ambin'ny reninao ve ianao amin'ny sakafo hariva? Tsapanao ve ny Fitiavako?
ham,"Niverina aho &amp; eny am-panamboarana ny fiara izahay izao, ampahafantariko anao raha misy toerana"
ham,Ahhh. Asa. tsaroako mazava izany! Inona no tsapa? Tpt
ham,"Andraso fa mbola tsy mazava daholo izany, tsy azonao antoka ve hoe maneso aho sa izany no tsy te hiara-mipetraka aminay."
ham,"Eny, niditra tamin'ny 2 izy ary niala tsiny. Nilavo lefona izy ary nihetsika toy ny zaza simba izy ary tratran'izany. hatramin'ny 2! Tsy ho any anefa izahay! Tsy manao ratsy be loatra. Ianao?"
ham,K lazao ahy na inona na inona momba anao.
ham,Noho ny tahotra sao ho torana amin'ny raharaha rehetra nataonao tao an-trano? Manàna kaopy haingana
spam,Misaotra anao tamin'ny famandrihanao Ringtone UK dia homena £5/volana ny findainao azafady hamafiso amin'ny famaliana ENY na TSIA. Raha mamaly TSIA ianao dia tsy ho voaloa
ham,"Eny... Ok, mody aho mijery ny ora dia mandefa hafatra ü indray... Xuhui dia hianatra amin'ny 2 mey koa fa amin'ny 8 ora ny fianarany"
ham,"Oay, ampahafantariko anao rehefa vita ny mpiray efitra amiko"
ham,Hitako ny litera B amin'ny fiarako
ham,Na inona na inona lor... Manapa-kevitra ianao...
ham,Salama! Nanao ahoana ianao ary nanao ahoana ny asabotsy? Nandefa SMS fotsiny aho mba hijery raha nanapa-kevitra ny hanao zavatra tomo ianao. Tsy hoe mitady hanasa ny tenako aho na inona!
ham,Tohizo ny watts azafady. Te hahazo antoka fotsiny aho. Mirary faran'ny herinandro mahafinaritra. Abiola
ham,"Adinoko ve ny nilaza taminao? Mila anao aho, mila anao, maniry anao aho ... Fa indrindra ... tiako ianao ry soavaly arabo mamy ... Mmmmmm ... Yummy"
spam,07732584351 - Rodger Burns - MSG = Niezaka niantso anao izahay hamerina ny valinteninao tamin'ny sms ho an'ny finday nokia + camcorder maimaim-poana. Azafady antsoy izao ny 08000930705 raha livraison rahampitso
ham,IZA NO HITANANAO?
ham,Mahafinaritra! Manantena aho fa tianao ny lehilahy nomena anao. Izaho dia &lt;#&gt;  santimetatra...
ham,Tsy misy fiantsoana..hafatra..antso tsy hita
ham,Tsy nahazo vaksiny hep b ve ianao tany nizeria.
ham,"Tena marina, misy zavatra mitranga?"
ham,"Eny, enga anie, raha tsy afaka manao izany i tyler dia afaka manontany kely aho"
ham,Tsy fantatrao hoe maditra aho. Tsy te ho any amin’ny hopitaly akory aho. Nolazaiko tamin'i Marka fa tsy malemy aho. Ny hopitaly dia natao ho an'ny marary malemy.
ham,Ny hevitrao momba ahy. Sambany ianao no nahita ahy tany am-pianarana.
ham,"Ny grama iray matetika dia mandeha toy ny &lt;#&gt; , ny antsasany fahavalo dia marani-tsaina kokoa ary mahazo anao saika grama faharoa iray manontolo amin'ny &lt;#&gt;"
ham,K fyi x manana fiara rahampitso maraina fa midona amin'ny toerana misy anay anio alina
ham,"Oay. Tsy tsapako mihitsy fa menatra be ianao noho ny trano fonenanao. Noheveriko fa tianao ilay izy, satria nanao izay tsara vitako aho ary toa faly foana momba ny ""zohy"" ianao. Miala tsiny aho fa tsy nanao ary tsy manana zavatra hafa omena. Miala tsiny aho nanolotra. Miala tsiny aho fa tena nahamenatra ny efitranonao."
spam,SMS. ac Sptv: Ny New Jersey Devils sy ny Detroit Red Wings dia milalao Ice Hockey. Mety sa diso? Tapitra? Valio END SPTV
ham,Fantatrao ve izay nataon'i Mallika Sherawat omaly? Fantaro izao @ &lt;URL&gt;
spam,"Arahabaina! Ny pasipaoro manokana momba ny sinema 1 taona ho an'ny 2 dia anao. antsoy ny 09061209465 izao! C Suprman V, Matrix3, StarWars3, sns daholo 4 MAIMAIMPOANA! bx420-ip4-5we. 150 hariva. Aza adino!"
ham,Miala tsiny fa hiantso aho amin'ny fivoriana.
ham,Lazao izay nahatongavanao
ham,Eny..gauti sy sehwag avy amin'ny andiany odi.
ham,Tsy maintsy maka burger $1 ho anao ianao rehefa mody. Tsy afaka mihetsika akory aho. Mamono ahy ny fanaintainana.
ham,Ha ha ha vazivazy tsara. Mpitady toe-javatra ny ankizivavy.
ham,Ampahany amin'ny fanamarinana IQ izany
ham,"Miala tsiny fa naharitra mandrakizay ny mpiray efitra amiko, tsy maninona raha tonga aho izao?"
ham,Ok lar i double check fa ilay mpanao volo efa nolazainy fa notapatapahina. Nilaza izy fa hanapaka mandra-pahitako tsara tarehy.
spam,"Amin'ny maha-mpanjifa sarobidy ahy, dia faly aho manoro hevitra anao fa aorian'ny famerenana vao haingana momba ny No. Mob anao dia nomena loka £1500 Bonus ianao, antsoy ny 09066364589"
ham,"Androany dia ""andro natokana ho an'ny hira.."" Inona no hira hatokanao ho ahy? Alefaso any amin'ny frnds saro-bidy rehetra ity fa rply amiko aloha..."
spam,"Urgent UR dia nanome fitsangatsanganana maimaim-poana tany EuroDisinc Trav, Aco&Entry41 Na £1000. Raha mangataka txt DIS amin'ny 87121 18+6*£1,50(moreFrmMob. ShrAcomOrSglSuplt)10, LS1 3AJ"
spam,"Nandre momba ny ""Barbie Divorce"" vaovao ve ianao? Miaraka amin'ny entan'i Ken rehetra izany!"
ham,Mikasa ny hanome aho amin'ity faran'ny volana ity.
ham,Wah tsara vintana ... Dia afaka mitahiry vola ... Hee ...
ham,Vita ny kilasy aiza ianao.
ham,SALAMO BABE ATO AN-TRANO IZAHAY TE HANAO ZAVATRA? XX
ham,K..k:)aiza ianao ?
ham,Afaka miantso ahy ianao izao...
ham,Miandry machan aho. Antsoy aho rehefa afaka ianao.
ham,Milay izany. Tompokolahy aho ary hitondra anao amim-pahamendrehana sy fanajana.
ham,Tena tiako ianareo vahoaka :) fa tena saro-kenatra aho pa.
ham,Tsy miasa aorian'ny &lt;#&gt;  sa inona
ham,Tsy mitovy ny eto. Mbola mitady asa. Ohatrinona ny vola azon'i Ta any.
ham,Miala tsiny fa hiantso aho rehefa avy eo
ham,K. Vao avy niantso ahy ve ianao ah?
ham,Ok eny an-dalana hody aho hi hi
ham,Ianao no ho eo amin'ny toeran'io lehilahy io
ham,Eny fijanonana manaraka.
ham,"Miantso anao aho any aoriana, tsy manana tambajotra. Raha maika dia sms aho."
ham,Tena rehefa mahazo anao ianao? Mbola mila tapakila 2 sy palitao iray hafa aho dia vita. Efa nampiasa ny multisko rehetra aho.
ham,"Eny, nanomboka nandefa fangatahana hanao izany aho saingy niverina ny fanaintainana ka niverina teo am-pandriana aho. Vola madinika roa ao amin'ny orinasa ihany koa. Mila vola amin'ny nitroko rehetra aho."
ham,Tena mbola tsy tonga saina mihitsy aho izao hariva izao
ham,"Ela kano., raha misintona, tongava maimaim-poana ianao.."
ham,"Eny, ataovy! Aza mijanona mihidy fa ho tratra ianao!"
ham,Miala tsiny fa maharary. Mety ve raha mihaona indray alina isika? Nandany ny tolakandro aho tamin'ny tra-boina ary midika izany fa tsy mbola nanao na iray aza tamin'ireo zavatra 42moro aho ary tafiditra ao anatin'izany ny taratasim-potoanako rehetra sy izany. Miala tsiny.
ham,Mitsikia ao anatin'ny hafaliana Mitsikia ao anatin'ny fanaintainana Mitsikia rehefa mirotsaka toy ny orana Mitsikia rehefa mitsikitsiky rehefa sum1 Mankarary anao Tsiky fa misy olona mbola tia mahita anao mitsiky!!
spam,"Azafady, antsoy ny solontenanay amin'ny serivisy mpanjifa amin'ny 0800 169 6031 eo anelanelan'ny 10 ora maraina ka hatramin'ny 9 ora alina satria nahazo vola azo antoka £1000 na loka £5000 ianao!"
ham,Tsy mikasa hividy any aoriana. Tsikaritro fa efa nahazo seho 530 i lido tamin'ny tolakandro. Efa vitanao ve ny asa?
spam,"Miandry ny fanangonana ny ringtone maimaim-poana anao. Alefaso fotsiny ny tenimiafina ""MIX"" mankany amin'ny 85069 hanamarina. Alao ny Usher sy Britney. FML, Boaty Paositra 5249, MK17 92H. 450Pw 16"
ham,Mijery sarimihetsika telugu.. inona ianao?
ham,Azoko. Rehefa vita isika dia manana fampindramam-bola be dia be tokony haloa
ham,"Salama. Wk efa ok - on hols izao! Eny amin'ny hazakazaka kely. Adinoko fa manana fotoana ho an'ny mpanao volo aho amin'ny efatra ka mila mody sy mandro mialoha. Mampisy olana aminao ve izany?"""
ham,Mahita sary mihetsika kafe iray aho
ham,Aza mandefa SMS intsony azafady. Tsy manana zavatra hafa holazaina aho.
ham,Okay anarana ny vidiny raha mbola ara-dalàna! Rahoviana aho no afaka maka azy ireo? Y u ave x ams xx
ham,Mbola mitady fiara hividianana aho. Ary mbola tsy nanao andrana mitondra fiara.
ham,"Oay. Marina ny anao! Tsy nikasa hanao izany aho. Heveriko fa rehefa nandao ny lehilahy boston aho ary nanova ny toerana fitadiavako ho any nyc, dia nisy zavatra niova. Satria ao amin'ny pejiko sonia dia mbola misy ihany ny hoe boston."
ham,Umma ny fiainako sy vava umma tena tia anao ry malala
ham,Misaotra betsaka tamin'ny fanirianao tamin'ny fitsingerenan'ny andro nahaterahana. Misaotra anao nanao ny fitsingerenan'ny andro nahaterahana ho tena tsy hay hadinoina.
ham,"Aight, hamely anao aho rehefa mahazo vola"
ham,Ahoana no hanandrana ny adiresy ip-ko fa tsy mpizara minecraft ny solosainako
ham,Fantatro! Antitra tezitra. Ny reniko dia toa anao fa aleo tsy mandainga. Dia izaho indray no manao vazivazy...
ham,Aza manahy. Ataoko fa sahirana izy.
ham,Ploralin'ny anarana iombonana fikarohana
ham,Mandeha hisakafo. msg aminao avy eo.
ham,Tsy maninona aho raha izany satria tiako ny manandrana zava-baovao. Natahotra anao anefa aho. Satria hoy ianao hoe tsy mafy loatra.
spam,GENT! Miezaka mifandray aminao izahay. Ny fisarihana ny faran'ny herinandro lasa teo dia mampiseho fa nahazo loka £1000 GARANTIE ianao. Antsoy ny 09064012160. Kaody fitakiana K52. 12 ora ihany no manankery. 150ppm
ham,"Wa, ur openin sentence very formal... Na izany na tsy izany, salama ihany koa aho, juz tt aho mihinana be loatra sy mametaka lanja...Haha... Ka nisy zavatra manokana nitranga?"
ham,"Rehefa niditra tao amin'ny efitranoko aho dia niteny ny PA-ko hoe, '' Happy B'day Boss !!''. Nahatsapa manokana aho. Nanontany ahy 4 sakafo atoandro izy. Taorian'ny sakafo antoandro dia nanasa ahy ho any amin'ny tranony izy. Nandeha tany izahay."
spam,Mpandresy ianao Nofantenana manokana 2 mahazo £1000 na fialantsasatra 4* (flights inc) miresaka amin'ny mpandraharaha mivantana 2 mitaky 0871277810910p/min (18+)
ham,"Goodo! Eny, tsy maintsy miteny zoma isika - ny tahan'ny atody-ovy ho an'ny tortilla ilaina!"
ham,Hmm...vao nampahafantatra ahy ny dadatoako fa mandoa vola mivantana ny sekoly izy. Koa mividiana sakafo azafady.
spam,PRIVATE! Ny kaontinao 2004 ho an'ny 07742676969 dia mampiseho 786 bonus tsy voavotra. Raha mangataka antsoy ny 08719180248 Kaody famantarana: 45239 lany daty
spam,"MAIKA! Ny laharana finday dia nomena £2000 Bonus Caller Prize tamin'ny 5/9/03 Ity no andrana farany mifandray amin'i U! Antsoy avy amin'ny Landline 09064019788 BOX42WR29C, 150PPM"
ham,ity ny adiresiko vaovao - paoma& tsiroaroa&izay malarky rehetra
spam,Ny isa Voda androany mifarana amin'ny 7548 dia voafantina hahazo loka $350. Raha manana lalao ianao dia antsoy ny 08712300220 amin'ny alàlan'ny kaody fitakiana 4041 app sarany mahazatra
ham,Handeha sao mu aho anio. Amin'ny 12 ora ihany no hatao
ham,ü maminavina amin'ny ora inona no hahavitan'ny fividianana?
ham,"Zavatra tsara, azo atao."
ham,"Mba ho fantatrao fa mbola tsy nandefa vola i yetunde. Nandefa SMS fotsiny aho mba tsy hanelingelina ny fandefasana azy. Noho izany dia tapitra izany, tsy mila miditra amin'ny zavatra rehetra ianao. Tsy tokony ho nametraka na inona na inona taminao aho tamin'ny voalohany ka noho izany dia miala tsiny aho."
ham,Ao amin'ny efitrano ve ianao.
ham,HEY GIRL. AHOANA ENAO? MANANTENA HO TSARA AHO AN DEL R BAK! EFA EFA TSY MISY C! Omeo ahy ANTSO NY FOTOANA AVY AVY I LUCYxx
ham,K..k:)ohatrinona ny vidiny?
ham,Ato an-trano aho.
ham,"Ry malala, hiantso ny Tmorrow.pls accomodate."
ham,Valio aloha ny fanontaniako.
spam,Sunshine Quiz Wkly Q! Mandresy mpilalao DVD Sony ambony raha fantatrao hoe aiza no misy an'i Algarve? Txt ansr to 82277. £1.50 SP:Tyrone
spam,Te hanao firaisana 2 anio alina? Tianao ve ny toerana tena Dogging alefa mivantana amin'ny vahoaka 2? Midira amin'ny tambajotra Dogging lehibe indrindra any UK bt Txting GRAVEL amin'ny 69888! Nt. ec2a. 31p.msg@150p
ham,msn ihany aho. yijue@hotmail.com izany
ham,Ao izy. Miantso ianao dia mihaona aminy
ham,Tsia tsia. Hojereko ny efitrano rehetra alohan'ny hanaovana hetsika
spam,Tsy handray hafatra avy amin'ny chat svc ianao. Ho an'ny serivisy Hardcore MAIMAIMPOANA dia mandehana mankany amin'ny: 69988 Raha tsy mahazo na inona na inona ianao dia tsy maintsy manamarina ny taona amin'ny tambajotranao ary andramo indray
ham,Nahazo c... kamo mitendry... adinoko ü in lect... Nahita paosy fa toy ny tsy v tsara...
ham,"K, andefaso hafatra aho rehefa eny an-dalana ianao"
ham,"Tompoko, miandry ny mailakao."
ham,"Nisy swt nieritreritra hoe: ""Aza sasatra manao zavatra kely 4 lovable persons.."" Coz..indraindray ireo zavatra kely ireo no mitana ny ampahany lehibe indrindra ao am-pony.. Gud ni8"
ham,Fantatro fa ianao. Afaka sokafanao ve ny aoriana?
ham,Eny mahita anao tsy eo amin'ny teboka
ham,Iza no anaran'ny mpiasa mandray kilasy ho antsika?
spam,"FreeMsg Nahoana ianao no tsy namaly ny lahatsoratro? Randy aho, sexy, vehivavy ary mipetraka eo an-toerana. Luv mba hihaino anao. Netcollex Ltd 08700621170150p isaky ny valin'ny hafatra Atsaharo hatramin'ny farany"
ham,Ummma.dia hiantso aorian'ny fisavana.Ny fiainanay dia manomboka any qatar ka mivavaha mafy.
ham,K..fafako ny contact-ko fa nahoana?
ham,Sindu dia nahazo asa tany birla soft ..
ham,Mikoriana ny divay ary tsy manana aho..
ham,"Eny, tiako ny cine fa tsy mila 2 midina 2 plaza mah."
ham,Ok... valiny mahazatra anao...
ham,"Maloto eny rehetra eny ianao, eny amin'ny tany, eo amin'ny varavarankely, eny fa na dia eo amin'ny akanjoko aza. Ary indraindray rehefa manokatra ny vavako aho dia ianao ihany no mivoaka. Manonofy ny tontoloko tsy misy anao aho, dia lasa ny antsasaky ny raharahako. Fotoana fifaliana ho ahy, fandaharana amin'ny fahitalavitra maro no ho hitako. Saingy heveriko fa ny zava-drehetra dia tsy maintsy misy ianao, toy ny orana, ny havandra ary ny zavona, ary rehefa tapitra ny fotoanako dia lasa iray aho sy ianao."
ham,Aaooooright any am-piasana ve ianao?
ham,Hivoaka ny tranoko aho izao...
ham,Salama ry malalako. Manao inona ianao? Tonga tamin'io tafatafa io ve ianao androany? Faly ve ianao? Zazalahy tsara ve ianao? Mieritreritra ahy ve ianao? Malahelo ahy ve ianao?
spam,Fanambarana momba ny serivisy mpanjifa. Misy fanaterana Taombaovao miandry anao. Azafady antsoy ny 07046744435 izao handaminana ny livraison
spam,Mpandresy ianao Nofantenana manokana 2 mahazo vola £1000 na fialan-tsasatra 4* (flights inc) miresaka amin'ny mpandraharaha mivantana 2 miantso 0871277810810
ham,Miaro ny tenanao ho ahy fa mila anao aho ary malahelo anao sahady aho ary mitsiriritra izay rehetra mahita anao amin'ny tena fiainana
ham,Fiara sy trano vaovao ho an'ny ray aman-dreniko.:) asa vaovao ihany no apetrako :)
ham,Tena tia anao aho. Faly aho isan'andro miaraka aminao. Mampifaly ahy ianao.
spam,-PLS STOP bootydelious (32/F) dia manasa anao ho namany. Valio ENY-434 na TSIA-434 Jereo izy: www.SMS.ac/u/bootydelious STOP? Alefaso ny STOP FRND amin'ny 62468
spam,"Efa an-dalana ny baiko BangBabes. TOKONY hahazo Service Msg 2 misintona votoaty UR ianao. Raha tsy manao izany ianao, GoTo wap. bangb. TV amin'ny UR mobile internet/service menu"
ham,Apetrako amin'ny modules cultures daholo ny hevitrao rehetra.
spam,MAIKA! Miezaka mifandray aminao izahay. Ny fisarihana ny faran'ny herinandro lasa teo dia mampiseho fa nahazo loka £900 GARANTIE ianao. Antsoy ny 09061701939. Kaody fitakiana S89. 12 ora ihany no manankery
ham,"Salama frnd, inona no fomba tsara indrindra hisorohana ny tsy fifankahazoan-kevitra amin'ny olon-tiantsika?"
ham,Fandosirana lehibe. Tiako ny tetezana fa mila lager azy aho. Hitanareo tomo
ham,Eny :) tena tsy misy endrika mihitsy:)clark koa dia manao fako.
ham,"Tompoko, mila laharana kaonty AXIS BANK sy adiresy banky aho."
ham,"Hmmm.. Azo antoka fa manana fotoana hitsambikina ... Eny, afaka mandeha 4 maimaim-poana ..."
ham,Amin'ny firy ianao no hidina any aoriana?
ham,"Helo ra, tsy mino ianao fa nanadino ny anarako Mr. Manome toro-hevitra ho anao aho, ny teny espaniola ary manomboka amin'ny m..."
ham,"Eny, hovitako ny fandroana izao. Mirary soa...tsara alina."
ham,Ampahafantaro ahy rehefa azonao ny vola mba ahafahan'i carlos miantso
ham,Mbola mandeha any amin'ny toeram-pivarotana ve ianao?
ham,"Toa mijanona mandritra ny fampisehoana manontolo ny namako ary tsy hiverina mandra-pahatongan'ny ~ &lt;#&gt; , koa aza misalasala mandeha mifoka sigara $ &lt;#&gt;  manan-danja"
ham,SMS azy. Raha tsy mamaly izy dia ampahafantaro ahy mba hahazoako miditra aminy
ham,Salama! Vao avy niresaka tamin'i MANEESHA V ianao. Tianay ho fantatra raha afa-po tamin'ny traikefa ianao. Valio maimaim-poana amin'ny Eny na Tsia.
ham,Nampiakatra ny fanantenako tamin'ny fanolorana vola ianao. sahirana aho. Indrindra fa rehefa manakaiky ny faran'ny volana ka mandratra ny fianarako. Na izany na tsy izany dia manana faran'ny herinandro gr8 ianao
ham,Lol no. Afaka matoky ahy ianao.
ham,ok. Tompokolahy aho ary hitondra anao amim-pahamendrehana sy fanajana.
ham,"Izy, ry zalahy akaiky?"
ham,Tsy mandeha na inona na inona lehibe.bye
ham,Salama tsara tarehy! Hitanao ve izany asa izany? Tsy kamo? Miasa mba hamerenana ny harato ho an'i Neny? Aiza ny boytoy-ko izao? Malahelo ahy ve izy?
ham,"Haha mahafinaritra, tongava ao anatin'ny iray minitra"
spam,Azafady antsoy ny solontenan'ny serivisy mpanjifa amin'ny FREEPHONE 0808 145 4742 eo anelanelan'ny 9 ora maraina ka hatramin'ny 11 ora alina satria nahazo vola 1000 £ na £5000 azo antoka ianao!
ham,Efa nahazo radio Xmas ve ianao. Raha tsy izany dia ho azoko izao
ham,Tonga tany an-trano aho. Mandro aloha aho. Fa ny rahavaviko mampiasa net teneno anao rehefa vita ny k...
spam,Tena miavaka ve ianao? Fantaro ny 30 aogositra. www.areyounique.co.uk
ham,Miala tsiny aho. Niditra tao amin'ny ligin'ny olona tsy mifandray aho. Tena zava-dehibe amiko ianao. Namana foana ianao na dia amin'ny vidiny manokana aza. Mirary herinandro mahafinaritra.|
ham,Salama :) nahavita ny fianarana ihany aho :)
ham,"Hijanona ho azy izany. Na izany aza, manoro hevitra aho fa hijanona amin'ny olona iray izay afaka manome ors isaky ny seza."
ham,Ahoana ny fahasalamana? Manantena aho fa nilamina tamin'ny taom-pianarana vaovao ianao. Mirary anao gr8 andro fotsiny
ham,Mirary tontolo andro mahafinaritra
ham,Nahazo izany tantaran'olona izany ve ianao
ham,maty ve ny hamster-nao? Hey ka tmr mihaona aminao aho amin'ny 1 ora tolakandro orchard mrt?
ham,"Salama ry Kate, manao ahoana ny takarivanao? Manantena aho fa hahita anao rahampitso kely fa tsy maintsy ho babyjontet ra! Txt miverina raha azonao atao. :) xxx"
ham,"Hita izany, ENC &lt;#&gt; , aiza ianao?"
ham,Nandefa anao &lt;#&gt;  vola
ham,Salama darlin efa nahavita ny oniversite aho izao ka txt aho rehefa vita ianao raha afaka mitia an'i Kate xxx ianao
ham,Nofenoina soa aman-tsara tamin'ny INR &lt;DECIMAL&gt; . Rs &lt;DECIMAL&gt; . Ny ID ny Transaction dia KR &lt;#&gt; .
ham,Salama matory ga.
ham,Antsoinao hoe alter aho amin'ny 11 ok.
ham,Lazao aho mandra-pahatongan'izany dia tsy afaka mividy ericsson oso aho ...
ham,"Eny, marina izany"
ham,Mba omeo fifandraisana izahay anio alohan'ny &lt;DECIMAL&gt;  na mamerina ny faktiora
ham,Samy :) mitifitra entana be aho ka miomàna!
ham,"Manao ahoana ry bruv, manantena fa nisy fiatoana tsara. Manana semester mahafa-po."
ham,Ao an-trano mba hifampiresaka foana
ham,K:)k:)tsara:)mianara tsara.
ham,Eny... Ahoana noe leh...
ham,Tsara ny feo! Mody ve ianao izao?
ham,Farany ny lalao dia mizotra mankany amin'ny fisarihana araka ny vinavinao.
ham,Reraka. Tsy natory tsara aho ny alina lasa izay.
ham,Mora ah?sen voafantina midika fa tsara..
ham,Tsy maintsy manao fanadinana amin'ny 3 martsa aho
ham,Eny tokony. Heveriko fa azonao ampiasaina izao ny gt atm anao hisoratra anarana. Tsy azoko antoka fa raha misy izany dia afaka manampy ahy aho. Fa rehefa manao izany ianao dia ataovy izay hahazoana antoka fa vonona ianao.
ham,Ok tsy misy olana. Makà fotoana.
ham,Misy os antsoina hoe ubandu izay mandeha tsy misy fametrahana ao anaty kapila mafy...azonao ampiasaina io os io handikana ny rakitra manan-danja ao amin'ny rafitra ary omenao any amin'ny trano fanamboarana..
ham,Hoy ianao leh... Mazava ho azy fa tsy misy zavatra mitranga lar. Tsy miteny v romantika jus kely ihany lor. Heveriko fa tsy dia tsara loatra ny toerana misy azy.
spam,"500 finday vaovao nanomboka tamin'ny 2004, TSY MAINTSY MANDEHA! Txt: NOKIA mankany amin'ny No: 89545 & angony ny anao anio! Manomboka amin'ny £1 IHANY www.4-tc.biz 2safidy 087187262701.50gbp/mtmsg18"
ham,Tena mankasitraka raha miantso ahy ianao. Mila olona hiresahana fotsiny.
spam,"Hihaona tsy ho ela amin'ilay olon-tianao ve ianao? Manomboka manidina ve ny asanao? 2 mahita maimaim-poana, txt HORO arahin'ny famantarana ny kintana, e. g. HORO ARIES"
ham,Hey orinasa elama po mudyadhu.
ham,"Hentitra kokoa noho ny mpampianatra ny fiainana... Bcoz Mpampianatra mampianatra lesona &amp; avy eo manao fanadinana, Fa ny Fiainana aloha no manao Exam & amp; dia mampianatra Lesona. Mirary maraina sambatra. . ."
ham,Salama tsara izao vao nifoha aho
ham,Midina ao gandhipuram ary mandehana mankany amin'ny lalana tapaka. Ankavanana &lt;#&gt; arabe ary mihodinkodina amin'ny voalohany miankavanana.
ham,"Ry malala, ho any amin'ny toerana fingotra izahay"
ham,"Miala tsiny fa maty ny bateria, eny, eto aho"
ham,Eny :) eto dia misy TV foana any am-piasana..
spam,Mandefa SMS & mifanena amin'olona sexy anio. Azonao atao ny mahita daty na mampirafy azy hatramin'ny U. Miaraha 4 amin'ny 10p fotsiny. VALINY miaraka amin'ny ANARANA & taona oh Sam 25. 18 -msg recd@telopolo pence
ham,efa vita printy oh. Noho izany &lt;#&gt;  miakatra ambony
ham,Na marary akaiky kokoa toy ny eo amin'ny fiantsonan'ny fiara fitateram-bahoaka amin'ny arabe iray ihany
ham,Aiza ianao? Rahoviana ianao no ho tonga eto?
ham,"Theorie vaovao: Ny ady hevitra dia mandresy d SITUATION, fa very ilay OLONA. Koa aza miady hevitra amin'ny namanao fotsiny... . . daka azy ireo & amp; lazao fa marina foana aho.!"
spam,U 447801259231 manana mpankafy miafina mitady 2 mifandraisa amin'ny U-dia fantaro hoe iza no R*ambarany hoe iza no mihevitra fa tena manokana ny UR-antsoy ny 09058094597
ham,Rahampitso ny fihainoana farany amin'ny solosaina findaiko ka tsy afaka aho.
ham,PLEASSSSSSSEEEEEE TEL ME V AVENT VITA NY SPORTSx
ham,"Okay. Tsia tsia, mamirapiratra fotsiny. Natao ho sonia izany, saingy toa tsara kokoa izany."
ham,"Na dia efa nolazaiko taminao aza fa tia fiambenana baig face aho izao fa tena tiako ny fiambenana nomenao satria avy aminao izany. Misaotra 4 izay rehetra nataonao androany, tohina aho..."
ham,Tsy tadidinao ilay dokambarotra taloha?
ham,Tara loatra. Nolazaiko fa manana ny tranokala aho. Tsy nanana na tsy nanana ny kapa
ham,Nangataka anao hiantso azy aho izao ok
ham,Kallis dia tsy hanafika amin'ny fihodinana faha-2.
ham,Tsy nety indray oh. Ok veloma ary. Hamboariko ary ho vonona amin'ny fotoana hifohazanao. Tena malahelo ianao fa matory tsara.
spam,Arahabaina ianao nahazo voucher CD 500 na fanomezana 125 azo antoka & fidirana maimaim-poana 2 100 isan-kerinandro misintona txt MUSIC amin'ny 87066 TnCs www.Ldew.com1win150ppmx3age16
ham,Ranjith cal drpd Deeraj ary naharitra 5 minitra
ham,"Raha tezitra aminao ianao, aza raisina ho zava-dehibe izany.. Satria ny fahatezerana no tena fomba fanehoana fitiavana lalina, fiahiana n fitiavana!.. kettoda manda... Mirary tontolo andro mahafinaritra."
ham,Inona no ataonao? manao ahoana ianao?
ham,"Ups izay 3 andro ihany koa, ary ny orinasa fandefasana entana izay maka 2wks. Ny fomba iray hafa dia ny usps izay maharitra herinandro fa rehefa tonga ny fahatarana dia mety tsy maintsy manao tsolotra nipost ianao mba hahazoana ny entanao."
ham,"Miverina aho, ampahafantaro ahy rehefa vonona ianao"
ham,Aza manantena ny ho vita alohan'ny hiverenanao fa izao aho vao hivoaka
ham,Mmm tena mahafatifaty zaza ... Mahafinaritra an'i suzy
ham,Aiza ianao ry malala ? Mila anao aho ...
spam,Niezaka nifandray taminao izahay momba ny valinteninao momba ny tolotra Video Handset? 750 amin'ny tambazotra rehetra min? TEXT TSY MAINTSY ? Camcorder? Valio na antsoy ny 08000930705 IZAO
ham,Mijanona eo akaikin'ny MINI aho !!!! Rahoviana ianao no hiditra androany araka ny hevitrao?
ham,Ya
ham,Na izany na tsy izany dia handeha hiantsena irery aho izao. Satria mbola tsy vita ny vadiko. Aza manelingelina anao.
ham,NY NO. AMIN'NY LUTON 0125698789 Antsoy aho raha manodidina anao! H*
spam,"Hey, tena mampihomehy aho te hiresaka na hahita ahy miboridana lahatsoratra mafana amin'ny 69698 text voampanga amin'ny 150pm mba tsy hisoratra anarana text stop 69698"
ham,Nahoana ianao no tsy miaraka aminay.
ham,Mitovy. Manomana fitsangatsanganana aho avy eo
ham,Tsy azo antoka fa mbola miezaka ny hihazona azy
spam,Niova ny serivisy ringtone! 25 Credits maimaim-poana! Mandehana any amin'ny club4mobiles.com raha hifidy votoaty izao! Mijanòna? txt CLUB STOP amin'ny 87070. 150p/wk Club4 PO Box1146 MK45 2WT
ham,Ny evo. Tsy maintsy nisintona flash fotsiny aho. Saro-piaro?
spam,Klioban'ny Ringtone: Raiso amin'ny findainao ny tabilao tokana UK isan-kerinandro ary safidio izay ringtone tsara indrindra! Maimaim-poana ity hafatra ity.
ham,"Tongava aty mu, mandamina ny zava-mahadomelina izahay"
ham,"Nifarana andro hafa ny alina, tonga tamin'ny fomba manokana ny maraina. Enga anie ianao hitsiky toy ny tara-masoandro ary hamela ny ahiahinao amin'ny helodrano manga."
spam,HMV BONUS SPECIAL 500 kilao ny tena HMV voucher ho azo. Valio fotsiny ny fanontaniana 4 mora. Play Now! Alefaso ny HMV amin'ny 86688 Fanazavana fanampiny: www.100percent-real.com
ham,Usf heveriko fa mety hitondra fiara 1 ihany koa
ham,Tsy misy fanoherana. Ny bf tsy tonga.
ham,Misaotra...
ham,Lazao amin'i rob hoe mack ny gf ao amin'ny teatra
ham,"Mahafinaritra, ho hita eo kely"
ham,Nalefa fotsiny. Inona àry no karazana sakafo tianao?
ham,Vita daholo? Natolotra daholo? Faly ve ny fankalazana?
ham,Nantsoina hoe fitaovana ianao?
ham,"Raha malahelo olona ianao dia tena manokana ho anao ilay olona..... Fa raha tena manokana ilay olona, ​​maninona no tsy malahelo azy, dia ny Keep-in-touch gdeve fotsiny.."
ham,Ok. Nangataka vola aho hoe hatraiza
ham,Okie...
ham,"Eny, heveriko fa mbola torana hatramin'ny omaly alina ilay lehilahy mahazatra ahy, raha sendra misy olona ianao dia lazao amiko fa hatsipy aho."
ham,"K, mety ho tonga aho anio alina raha mivoaka aloha ny kilasiko"
ham,Ok..
ham,salut baby im cruisin miaraka amin'ny sipa sipa fa inona kay 2? antsoy aho ary ora ao an-trano raha tsy maninona na antsoy aho amin'ity fone ity izao love jenny xxx
ham,"Tena misy dikany amiko ny fiainako, Tsy noho ny fitiavako ny fiainako, Fa noho ny fitiavako ny olona eo amin'ny fiainako, Antsoin'izao tontolo izao hoe sakaiza, ataoko hoe Tontoloko:-).. Ge:-).."
ham,"Ry malala, handefa mailaka an'i tonite.be atao eny an-dalana, hanavao anao tonite.Milamina tsara ny zava-drehetra.varunnathu edukkukayee raksha ollu.fa tsara raha ny tena izy."
ham,Hoy ianao nilaza ny anaranao tamin'i gautham ah?
ham,Efa nahita azy ve ianao? Mahatsiaro tena ho vendrana aho fa niasa ny v cam.
ham,Oops. 4 no nahazo an'io bitika io.
ham,Be loatra ve ianao
ham,Nofafako tsy nahy ilay hafatra. Alefaso indray azafady.
spam,Mpanjifa T-Mobile dia azonao atao izao ny mitaky ny fanavaozana CAMERA PHONE FREE anao sy ny carte SIM karama sy mandeha ho an'ny tsy fivadihanao. Antsoy ny 0845 021 3680. Tapitra ny 28 feb ny tolotra. Mihatra ny T&C
ham,Raha tsy hoe toe-javatra iray izay IANAREO GO GURL no mety kokoa
ham,Mankarary ahy... Mananihany ahy... Mampitomany ahy... Fa amin'ny fiafaran'ny fiainako rehefa maty aho dia tehirizo ny raozy iray eo amin'ny fasako ary lazao hoe VOLA MISS ANAO.. MANDRAKIZAY BSLVYL
ham,Tsy afaka maka ny finday aho izao. Alefaso azafady
ham,Mila misotro kafe tomo?
ham,"Mahafinaritra, tadidiko ny fotoana farany nahazoana olona avo lenta tamin'ny gazoala:V"
ham,"Tena manafintohina sy mampatahotra, tsy azoko an-tsaina na dia iray segondra aza. Mialà amin'ny alina. Heverinao ve fa misy toerana mety hianjera mandritra ny alina, afa-tsy amin'ny taxi?"
ham,"Eny ary, manana sakafo bebe kokoa ao amin'ny vata fampangatsiahana ianao! Te hisakafo anio alina ve ianao?"
ham,Mpilalao sarimihetsika malaza izy
spam,"SMS. ac Blind Date 4U!: Rodds1 dia 21/m avy any Aberdeen, Royaume-Uni. Jereo Izy http://img. SMS. ac/W/icmb3cktz8r7!-4 tsy misy Daty jamba mandefa HIDE"
ham,Eny... Avy amin'izay remb ahy... Heveriko fa tokony ho afaka mamandrika...
ham,Manontany i Jos raha te hihaona ianao?
ham,Lol eny. Mihantona amin'ny kofehy ny fisakaizanay satria tsy hividy entana ianao.
spam,"TheMob> Zahao ny votoaty vaovao voafantinay, Lalao, Tonon-kira, Fifosana, zazakely ary fanatanjahan-tena, Tazony ho 82468 ny findainao sy ny soratra mampihomehy WAP"
ham,Aiza ny fanalahidin'ny garazy? Tsy ao amin'ny talantalana izy ireo
ham,Androany dia ANDRO EKENA..Ekenao aho ho? Rahalahy Anabavy Lover Dear1 Best1 Clos1 Lvblefrnd Jstfrnd Cutefrnd Lifpartnr Belovd Swtheart Bstfrnd Tsy misy rply midika hoe fahavalo
spam,"Eritrereto hoe hendry ianao? Mandresy £200 amin'ity herinandro ity amin'ny quiz isan-kerinandro, soraty amin'ny PLAY amin'ny 85222 izao! T&Cs WinnersClub PO BOX 84, M26 3UZ. 16+. GBP1.50/herinandro"
ham,Nilaza izy fa hiantso ahy rehefa azon'ny namany ny vola fa tsy maintsy mividy alohan'ny faran'ny herinandro izy.
ham,"Salama ny fomba niarahako taminao 2andro, no fomba mahazatra ary ity no tena ahy. UR unique&manantena aho fa mahafantatra anao 4 sisa amin'ny fiainako. Manantena fa hitanao fa very."
ham,Nanao ny androko ianao. Mirary tontolo andro mahafinaritra koa.
ham,K.k:)mandroso faly pongal.
ham,"Hmmm... Heveriko fa afaka mandeha 4 kb n power yoga isika... Haha, tsy haiko hoe tsy ho vitantsika ny yoga na inona na inona... Ts got lo oso, adino ny liao..."
ham,"Tsy manana namana, matahotra aho :("
spam,Desambra ihany! Efa 11mths+ ve ny findainao? Manan-jo hanavao maimaim-poana amin'ny finday fakantsary miloko farany ianao! Antsoy maimaimpoana ny Mobile Update Co amin'ny 08002986906
ham,"Kafe mofomamy, heveriko ..."
ham,"Mirary Krismasy sambatra ho anao koa ry malala, tiako ianao *kisses*"
ham,Hey... Maninona raha mandeha mijery x men dia misakafo antoandro... Haha
ham,lazao amin'olona fa handeha kely aho l8 satria fiara fitateram-bahoaka 2 no nandalo fa feno izy ireo ary mbola miandry 4 1. Pete x
ham,Tena tsara izany. Ho any amin'ny Guild izahay. Mety hihaona amin'ny lalana Bristol na any ho any - hifandray amin'ny faran'ny herinandro. Manidina ny drafitray! Mirary herinandro mahafinaritra
ham,Tsisy olana. Ahoana ny fahasalamana?
ham,Salama da :) manao ahoana ny kilasy androany?
ham,"Azoko lazaina fa famantarana tsara izany, saingy fantatrao ny firaketako momba ny famakiana vehivavy"
ham,"Tsara, andefaso hafatra aho rehefa mijanona ianao"
ham,Mamaky ny lahatsoratra nalefako ho anao aho. Natao ho vazivazy ilay izy. Koa vakio amin’izany mazava izany
ham,K.k:)apo k.film tsara.
ham,Sao dia afaka maka boky tomo aho dia avereno avy hatrany ..? Na zavatra.
spam,Antsoy any Alemaina 1 penina isa-minitra fotsiny! Antsoy amin'ny zotra raikitra amin'ny alàlan'ny laharana fidirana 0844 861 85 85. Tsy misy fandoavam-bola mialoha. Fidirana mivantana!
ham,"Nanjavona avokoa izay mety ho nanananao niaraka tamiko raha vao nanitsakitsaka ny fiainanao manokana ianao tamin'ny nangalatra ny laharan-telefaonako tao amin'ny taratasin'ny mpampiasa anao. Tsy cool mihitsy. Azafady, aza mifandray amiko intsony raha tsy izany dia hitatitra anao amin'ny mpanara-maso anao aho."
spam,Fetin'ny mpifankatia manokana! Mandresy mihoatra ny £ 1000 amin'ny quiz ary ento ny namanao amin'ny dia mandritra ny androm-piainana! Alefaso GO amin'ny 83600 izao. 150p/msg rcvd. CustCare: 08718720201.
ham,"Ta-Daaaaa! Ao an-trano aho, ry zaza, mbola mifoha ve ianao?"
ham,Mangatsiaka. Dia ahoana no tsy mbola nosotroina sy nisakafo teo aloha?
ham,Matory fotsiny..sy manao surf
ham,Miantso ahy ve ianao? Antsoy ny findaiko...
ham,Ok tena tsara izany thanx be.
ham,raisiko fa tonga ny post! Tsy maintsy manana lahatsoratra 1000 ianao izao! Faly mamaky. Ny iray avy amin'ny wiv hello caroline amin'ny farany no tiako indrindra. tahio izy
ham,Taiza ianao no niafina olon-tsy fantatra?
ham,Tsy liana ny hanao toy izany aho.
ham,Ny anabaviko dia nanala fihodinana roa tamin'ny birla soft omaly.
ham,Gudnite....tc...manao fanazaran-tena
ham,Izany dia yijue. Hitako ny mailakao. Raha sendra tsy nandefa ny nomerao i huiming. Dis no nomerao.
ham,Olana kely laza izao.
spam,"Mitady shag? ataoko.Intéressé? sextextuk.com txt XXUK SUZY amin'ny 69876. Ny txt dia mitentina 1,50 isaky ny msg. TnCs amin'ny tranokala. X"
ham,Manamarina anao fotsiny. Tena malahelo ny mahita an’i Jeremia. Mirary volana mahafinaritra
ham,"Nah tsy afaka manampy anao any, tsy mbola nanana iphone aho"
ham,Raha tsy ao anaty fiarako ianao ao anatin'ny adiny iray sy sasany dia handeha aho
ham,"Androany dia andro fialan-tsiny.! Raha nisy fotoana nahatezitra anao aho, na nanao ratsy na nandratra anao? plz plz tehamaina ny tenanareo Bcoz, ny fahadisoanareo, tena TSARA aho"
ham,Ohatrinona no ilaintsika amin'ny alikaola? Izahay sy Jay dia miezaka ny hamantatra hoe ohatrinona no azonay lanina amin'ny ahi-dratsy
ham,&lt;#&gt; 5 minitra lasa izay. WTF.
ham,"Misaotra anao niantso.Adino ny nanao hoe Happy Onam ho anao Sirji.Salama tsara aho eto ary nahatsiaro anao rehefa nihaona tamin'olona fiantohana. Hihaona aminao any Qatar Insha Allah.Rakhesh, ex Tata AIG izay niditra tao amin'ny TISSCO,Tayseer."
spam,500 kilao amin'izao fotoana izao ny sandan'ny vola-nao - mba hampitomboana ny vola miditra amin'izao fotoana izao dia alefaso amin'ny 86688 150p/msg fotsiny ny CASH. CC: 08708800282 HG/Suite342/2Lands Row/W1J6HL
ham,"Mpilalao sarimihetsika aho. Rehefa miasa aho dia miasa hariva ary matory tara. Koa satria tsy an'asa aho amin'izao fotoana izao, dia matory tara FOANA aho. Rehefa tsy an'asa dia sabotsy ny andro."
ham,Salama! Vao tonga teto ry st andrews-boy dia lavitra! Mangatsiaka ny andro. Hataoko ny hafatrao
ham,Ha ha cool cool chikku chikku:-):-DB-)
ham,Oh ok tsy misy prob..
ham,Jereo izao ny satan'i audrey
ham,Be atao eto. Miezaka ny hamita ny taona vaovao. Tsy andriko ny hihaona aminao amin'ny farany...
ham,Salama tsara masoandro! Ahoana ny andro amin'io andro io? Mamelombelona sy faly ve isika mbola velona? Mifoka rivotra ve isika ary mitsiky? Mieritreritra anao aho ry malalako ... Toy ny mahazatra
ham,Fantatro fa i Z no hikarakara ahy. Koa aza manahy.
spam,"Update_Now - Tolotra Krismasy! Motorola farany, SonyEricsson & Nokia & Bluetooth MAIMAIMPOANA! Indroa Mins & 1000 Txt amin'ny Orange. Antsoy ny MobileUpd8 amin'ny 08000839402 na call2optout/F4Q="
spam,Ity ny kaody fihenam-bidy anao RP176781. Mba hampijanonana hafatra hafa dia valio atsaharo. www.regalportfolio.co.uk. Serivisy mpanjifa 08717205546
ham,Fanamiana inona? Aiza no ahazoana?
ham,Alefaso SMS aho rehefa vonona ianao
ham,"Salama ry boytoy ... Geeee efa malahelo anao aho vao nifoha. Enga anie ka eto am-pandriana miaraka amiko ianao, mamihina ahy. tiako ianao..."
ham,Hanimba anao eo am-pandriana koa aho :)
ham,Handeha handro aho dia handefa hafatra aminao manaraka &lt;#&gt;  min..
ham,Tsy afaka miresaka amin'ny olona aho raha tsy azoko antoka fa afaka mandoa azy ireo aho raha manaiky ny vidiny. Koa lazao amiko hoe inona no tena tianao hovidina sy ohatrinona no azonao aloa
spam,"Misaotra tamin'ny baikon'ny Ringtone, Reference T91. Hahazoina GBP 4 isan-kerinandro ianao. Azonao atao ny miala amin'ny fisoratana anarana amin'ny fotoana rehetra amin'ny fiantsoana ny serivisy mpanjifa amin'ny 09057039994"
ham,Azonao lazaina ve ny zava-mitranga
ham,Mety ho nahita ahy ianao..tsy nahafantatra anao Face. :)
ham,Eny ary tsy dia misy zavatra betsaka mitranga ao Lindsay amin'ny Taom-baovao * misento* Misy bara sasany ao Ptbo sy ilay heron manga misy zavatra mandeha
ham,Tazony eo ny payasam-ko raha entin'i rinu
ham,Nampianatra aho fa i Ranjith tompoko no niantso ahy. Ka sms toy izany ihany aho. Satria manamarina momba ny tetikasa izy. Nilaza i Prabu androany fa aza diso aho..
ham,Ataoko fa izay no mahatonga anao hanahy. Tokony ho fantatrao fa misy fomba hanamboarana ny vatana. Ary azoko antoka fa tsy tokony hanahy ianao. Atao miadana. Ny fitsapana voalohany dia hitarika azy ireo rehefa miala sasatra ny ovulation. Tsy misy antony mampanahy anao na inona na inona nolazainao fa mbola hanaraka anao hatrany aho.
ham,"Eny, omeo minitra vitsivitsy aho hanaraha-maso ny poketrako"
ham,Hey avelao. tsy dia be loatra :-) mitandrema.
ham,Eh ho tara aho ah... Hihaona aminao amin'ny 945+
spam,"Indroa minitra sy txt 4 6mois GRATIS Bluetooth amin'ny Orange. Misy amin'ny telefaona Sony, Nokia Motorola. Antsoy ny MobileUpd8 amin'ny 08000839402 na call2optout/N9DX"
ham,Nilelaka 3 i Mr owl
ham,Toerana mpanjifa hiantso anao aho.
ham,Mm amin'izay fotoana izay dia tsy tia fahafinaretana ianao
spam,Vidiny 4m ny antsasaky ny fanofana Orange line & finday fakan-tsary farany 4 MAIMAIMPOANA. Efa 11 volana ve ny findainao? Antsoy maimaimpoana ny MobilesDirect amin'ny 08000938767 raha te hanavao izao! or2stoptxt
ham,"Eny, manana buffet antoandro aho izao.. Efa mihinana ve ianao?"
ham,Hah tara be... Fr sakafo hariva?
ham,Hay ve ity sat ity ve no handeha amin'ny intro pilates ihany? Sa ny kickboxing koa?
ham,Ny maraina ihany aho no afaka ok.
ham,"Eny heveriko fa izany. Ao amin'ny birao aho fa ao an-efi-trano ny tongotro, heveriko fa mandeha izany nandritra ny andro vitsivitsy. Tsy nakatona izany aho"
ham,Raiso ianao amin'ny 7.30? Amin'ny firy ary izao?
ham,Manomboka eto aorian'ny kajy isaky ny roa volana ny mari-pankasitrahana fa tsy amin'ny fe-potoana iray volana ankehitriny.
ham,Tena natory ary mbola mety rehefa niantso indray ianao. Noho izany ny lahatsoratra dia gr8. Rock ianao rahavavy. Handefa hafatra aminao aho rehefa mifoha.
ham,"Mametraka ny orinasanao foana ianao. Nametraka sarin'ny borikinao tao amin'ny facebook ianao. Ianao no iray amin'ireo olona misokatra indrindra hitako hatramin'izay. Nahoana aho no mihevitra fa ny sarin'ny efitranonao dia handratra anao, hahatonga anao hahatsiaro ho voahitsakitsaka."
ham,"Salama tompoko, Al Salam Wahleykkum.mizara vaovao mahafaly.Noho ny fahasoavan'Andriamanitra, dia nahazo tolotra avy amin'i Tayseer,TISSCO aho ary niditra. Manantena aho fa salama ianao. Inshah Allah, mihaona aminao indray mandeha. Rakhesh, mpitsidika avy any India."
ham,Hmmm...k...saingy te hanova sehatra haingana aho da:-) te-hahazo administrateur system na administrateur réseau..
spam,"RINGTONE MAIMAIM-POANA VOALOHANY mankany amin'ny 87131 ho an'ny poly na lahatsoratra MAhazoa amin'ny 87131 ho an'ny tena tonony! Vonjeo? 0845 2814032 16 aorian'ny maimaim-poana voalohany, 3x£150pw ny tonony mba hamaranana ny fiatoana txt"
ham,Ry chechi manao ahoana. Niresaka taminy ve ianao
ham,Tsy nalefa ny crème volo.
ham,Tsy misy izany raha tsy tonga eto ianao
ham,"Eny, ny hazo krismasy loxahatchee lehibe may ny &lt;#&gt;  manomboka amin'ny adiny iray"
ham,Haha zatra mitondra fiara mankany usf man fa mahay mitora-bato be
ham,Nilamina tsara ny zava-drehetra mandra-pahatongan'ny kilasy kely nahatsiravina tamin'ity hariva ity niaraka tamin'ireo malalako! Manantena andro fialan-tsasatra ok. Tsara ny kafe fa tsy afaka mijanona tara rahampitso. Fotoana + toerana toy ny mahazatra?
ham,Salama! Tsara herinandro? Te-hisotro sa inona avy eo?
ham,Hiverina any amin'ny busetop
ham,Hafatra:tsy hita ny lahatsoratra sasany* Mpitondra:Tsy hita ny anarana* *Tsy hita ny isa *Nalefa:Tsy hita ny daty *Tsy hita popoka ianao fa tsy ampy ny zavatra rehetra nalefa tamin'ny fullonsms.com
ham,Mankanesa any amin'ny efitranontsika amin'ny fotoana iray ahafahantsika manitsy ny drafitra amin'ity faran'ny herinandro ity
ham,Satria tiako ho anao izany
ham,"Okies... Handeha yan jiu koa aho... Afaka mandingana ard oso isika, mandehana mankany amin'ny iray, blah blah blah..."
ham,Ento mody ry Wendy =D
spam,100 serivisy mampiaraka cal;l 09064012103 box334sk38ch
ham,Whatsup any. Tsy te hatory ve ianao
ham,Eny ary manana tanjona vaovao aho izao
spam,Ny fidirana maimaim-poana amin'ny fifaninanana £ 250 isan-kerinandro dia soraty fotsiny ny teny hoe WIN amin'ny 80086 NOW. 18 T&C www.txttowin.co.uk
ham,"Eny ary, hivoaka afaka minitra vitsy aho, andefaso hafatra aho hoe aiza no hihaona aminao"
spam,Alefaso logo 2 ur lover - anarana 2 mitambatra amin'ny fo. Txt FITIAVANA ANARANA1 ANARANA2 MOBNO oh LOVE ADAM EVE 07123456789 mankany 87077 Yahoo! POBox36504W45WQ TxtNO 4 tsy misy doka 150p
ham,Eny :) nanomboka tamin'ny herinandro lasa teo mihitsy no nandray antso mivantana.
spam,Nisy olona nifandray taminay serivisy fampiarahana ary niditra tamin'ny findainao satria tia anao! Antsoy amin'ny laharana an-tariby 09111032124 raha te hahafantatra hoe iza izy io. PoBox12n146tf150p
ham,Siva dia ao amin'ny trano fandraisam-bahiny aha:-.
spam,MAIKA! Ny laharan'ny findainao dia nomena loka £2000 GARANTEED. Antsoy ny laharana 09058094455. Mitaky 3030. Manan-kery 12 ora ihany
ham,Alefaso any amin'ny namanao ity ary mahazo zavatra momba ny feonao..... Ahoana ny fomba fiteniko? 1. zaza 2. maditra 3. fihetseham-po 4. mitabataba 5. feno toe-tsaina 6. tia fitiavana 7. saro-kenatra 8. mahasarika 9. mampihomehy &lt;#&gt; .mahasosotra &lt;#&gt; .mahatehotia. valio aho..
ham,Ok. Hilamina izy. angamba
ham,aathi.. aiza ianao ry malala..
ham,Misy fanaintainana amin'ny urination zavatra hafa?
ham,7 ao amin'ny esplanade.. Aza adino ny mampiakatra ahy fa tsy manana fiara aho androany..
ham,Te-hividy fiara BMW maika aho..maika ny azy.nefa tsy ampy ny &lt;#&gt; Lacs.tsy misy loharano azo arng dis amt. &lt;#&gt; lacs..io ny problème
ham,Ao an-trano mijery tv lor.
ham,Matetika ve izy no maka dimy ambin'ny folo minitra vao mamaly fanontaniana eny na tsia
spam,Arahabaina! Nokia 3650 telefaona fakan-tsary video no Antsoy anao 09066382422 Vidin'ny antso 150ppm Ave ny antso 3min tsy mitovy amin'ny finday 16+ Akatona 300603 post BCM4284 Ldn WC1N3XX
ham,Namandrika tapakila ho an'ny pongal?
ham,Afaka izao ve ianao? Tahaka ny manodidina ny hillsborough & amp;  &lt;#&gt; faha
ham,Ny hafatra nalefa dia mangataka &lt;#&gt; dolara. Tokony handoa &lt;#&gt;  na &lt;#&gt; ?
ham,Manontania g na iouri fa efa im-polo aho no nitantara ny tantara
ham,Maharitra hafiriana ny applebees fucking
ham,"Salama, manantena aho fa azonao ity txt ~ ity dia tsy nisy gd, tara 50 min eo ho eo, hoy aho."
ham,Fa tsy maintsy. Tiako ny manana fitiavana sy mandamina.
ham,Eny..tena tsara izy..bhaji niteny tamin'i kallis mpilalao cricket tsara indrindra taorian'ny sachin eto amin'izao tontolo izao:).tena mafy ny hivoaka.
ham,Tokony hamoha ahy ianao &gt; :(
ham,Oic... Hitako koa izy fa i tot he din c me... Nahita groupe liao aho...
ham,"HEY HEY IZAY NO LAZAIN'IREO RANGOKA IZAHAY MANODIDINA! HOY MAHAFALY, AHOANA ? NANAO SAUSAGE JOBYET?TIA JEN XXX"
ham,"Miala tsiny fa maty ny batterie, afaka tonga aho fa grama fotsiny izao no azoko, aiza ny toeranao?"
ham,"Vita tsara, blimey, fanatanjahan-tena, eny, tadidiko kely hoe, hmm."
ham,Tsy ho concentré aho ry malala fa ianao no saiko sy ny zavatra rehetra :-)
ham,LOL ... Efa nanao drafitra ho an'ny taona vaovao ve ianao?
ham,10 minitra taty aoriana k...
ham,misaotra betsaka!
ham,Misaotra noho ity fanantenana ity fa nanana andro tsara ianao androany
ham,K:)k:)inona no détails tianao hafindra?acc tsy ampy?
ham,"Ok dia holazaiko azy ny hijanona any ivelany. Eny, sarotra izany saingy manantena izahay fa hihatsara ny zavatra amin'ity volana ity."
spam,"Loan ho an'ny tanjona rehetra £500 - £75,000. Tongasoa ny tompon-trano + mpanofa. Efa nolavina ve ianao teo aloha? Mbola afaka manampy izahay. Antsoy maimaim-poana ny 0800 1956669 na mandefasa hafatra 'fanampiana'"
ham,Si si. Mieritreritra aho fa handeha hanao ireo oreo truffles ireo.
ham,"JEREO I AMY URE VEHIVAVY MAHASOA, MAHAY ARY TIA ANAO. Fantatro fa TSY TIANAO IZANY KA AZA MANAHY."
ham,Manantena aho fa izany no vokatry ny faharanitan-tsaina sy hatsaram-panahy tsy tapaka. Manomboha manontany azy momba ny rohy momba ny fanazaran-tena ary ataovy misokatra ny sofinao ary ny tsara indrindra. TTYL
ham,"1.20 ny vidin'ny antso. Izay heveriko fa tsy ratsy. Malahelo anao, mila anao, mila anao, tia anao"
ham,Ny fandehanana amin'ny fahatsapana tena hafa.Ny fanapahan-kevitra mihozongozona sy ny fiatrehana ny mitovy dia olona iray ihany.Ny fotoana dia hanasitrana izay rehetra inoako.
ham,"Nankaiza ianao? Ho faty ny findaiko, tsy maintsy mijanona eto ianao"
ham,Mahafinaritra. Tsy mbola tsara kokoa. Isan'andro dia manome antony bebe kokoa isaorana an'Andriamanitra
spam,"Ry mpanjifa UpgrdCentre Orange, azonao atao izao ny mitaky ny fanavaozana CAMERA PHONE anao ho an'ny tsy fivadihanao. Antsoy izao amin'ny 0207 153 9153. Mifarana ny 26 Jolay ny tolotra. Mihatra ny T&C. Afaka misafidy"
ham,Miala tsiny fa hiantso aho rehefa avy eo ok veloma
ham,Ok eny an-dalana mankany amin'ny lalamby aho
ham,andriambavy be! Tiako ny manome sy mandray am-bava. Doggy style no toerana tiako indrindra. Ahoana ny hevitrao? Tiako ny manao fitiavana &lt;#&gt;  fotoana isan'alina :)
ham,Tsy apetrany eny an-dalana ve izany zavatra izany mba tsy ho solafaka any?
ham,Rahoviana ianao no handeha bisikileta?
ham,"Eny, tsy ilaina. Hiandry 4 aho ary fiatoana 2 ny orana."
ham,Misy orinasa maro. Lazao ahy ny fiteny.
spam,okmail: Ry Dave malala izao no fampandrenesanao farany hanangonanao ny 4* Tenerife Holiday na ny loka #5000 CASH! Antsoy ny 09061743806 amin'ny laharana an-tariby. TCs SAE Box326 CW25WX 150ppm
ham,"Hafiriana no tsy nikiakiaka, ry andriambavy?"
ham,Tsy misy. Ny tiako holazaina dia rehefa miditra ao amin'ny kaontinao eto ny vola dia esorin'ny banky ny taham-bolany. Nisy olona namindra &lt;#&gt;  amin'ny kaontiko ary &lt;#&gt; nesorina ny dolara. Noho izany dia tsy mitovy ny banky ary tsy mitovy ihany koa ny fiampangana. Ataovy azo antoka fa matoky ilay olona 9ja alefanao ny antsipirian'ny kaonty amin'ny cos...
spam,Te hanao firaisana 2 anio alina? Te-hahazo toerana tena Dogging alefa mivantana 2 ur Mob? Midira amin'ny tambajotra Dogging lehibe indrindra any UK amin'ny alàlan'ny txt MOAN amin'ny 69888Nyt. ec2a. 31p.msg@150p
ham,Andalana tsara notenenin'ny fo torotoro- Plz aza mifoka in-1 eo anatrehako... Hendry hafa indray dia hatoky anao aho... Tsara 9t :)
ham,"Ok, hiakatra any amin'ny usf aho afaka dimy ambin'ny folo minitra"
ham,Tiako ianao aathi.. tiako be ianao..
ham,Tension ah?inona machi?misy olana?
ham,"K, afaka maka faha-8 ve aho rehefa vita ianao?"
ham,Rahoviana ianareo no miverina? Nilaza i G fa nieritreritra ny tsy hijanona ao amin'ny mcr ianao
ham,"Saika ho tonga, hahita anao ao anatin'ny segondra vitsy"
ham,"Yo carlos, efa misy namana vitsivitsy manontany ahy momba anao, miasa ve ianao amin'ity faran'ny herinandro ity?"
ham,Mijery tv lor...
ham,Misaotra zaza! Tsy andriko ny hanandrana ny tena izy...
ham,Tokony hanova ny fb ho jaykwon thuglyfe falconerf ianao
ham,Raha mandresy isika dia tena tsy misy 1 ankilany lava.
spam,"HAFATRA MAIMAIMPOANA Ampidiro ny hafatrao 500 MAIMAIMPOANA amin'ny alàlan'ny famaliana ity hafatra ity miaraka amin'ny teny MAIMAIMPOANA Ho an'ny fepetra sy fepetra, tsidiho ny www.07781482378.com"
ham,Ry malala tonga lalamby. Inona no mitranga aminao
ham,"Miankina amin'ny kalitao. Raha tianao ilay karazana nalefako boye, faded glory, dia eo amin'ny 6. Raha mila ralphs angamba 2 ianao"
ham,Heveriko fa namboariko ve izany afaka mandefa hafatra fitsapana ve ianao?
ham,"Miala tsiny fa maina ny kaontiko sa tsia, raha tianao dia afaka manakalo ny antsasany izahay na afaka mividy diky amin'ny carte de crédit"
ham,Miala tsiny fa amin'ny fivoriana dia hiantso aho any aoriana
ham,Karazana inona ny &lt;#&gt;  fihaonana indray?
ham,Afaka izao ve ianao? afaka miantso aho izao?
ham,Nahazo meh... Rahoviana?
ham,Tsia... Eritrereto fa handeha amin'ny alatsinainy aho... Miala tsiny fa tara loatra aho namaly
ham,Ny sasany amin'izy ireo dia nilaza fa tsy voamarina ny accenture. Marina ve izany.
ham,"Kate jackson rec center alohan'ny 7, sa tsy izany?"
ham,"Ry malala, efa tonga aho"
ham,"Mora ny miady amin'izao tontolo izao, na mandresy ianao na resy bt miady amin'ny olona1 akaiky anao dia sarotra raha resy - resy ianao raha mandresy - mbola resy ianao."
ham,Rahoviana ianao no afaka mivoaka?
ham,Jereo amin'ny nuerologist.
ham,Lolnice. Avy amin'ny trondro aho dia lasa ..rano.?
spam,+123 Arahabaina - tamin'ny fisarihana fifaninanana tamin'ity herinandro ity dia nahazo ny loka £1450 ianao mba hitakiana antsoy fotsiny ny 09050002311 b4280703. T&Cs/ss stop 08718727868. 18 mahery 150ppm ihany
ham,Tsia fa miandry ao anaty fiara izay mankaleo wat. Cos miandry any ivelany tsy misy 2 atao. Any an-trano dia afaka manao ny entako na mijery tv wat.
ham,"Angamba westshore na hyde park village, ilay toerana akaikin'ny tranoko?"
ham,Tokony ho fantatrao izao. Dia ahoana i anthony. Mitondra vola ve ianao. Manana saram-pianarana aho handoavana sy hofan-trano ary ny toy izany. Izany no antony ilako ny fanampianao. Namana mila fanampiana....|
ham,Inona no dikany?
ham,Ny hevitrao momba ahy? .
ham,"8 farafahatarany, mbola eo ihany i g raha afaka mikaroka ammo ianao ary te hanandrana ilay ak vaovao"
ham,Prabha..i'm soryda..tena..frm heart I'm sorry
ham,Lol ok navelanao :)
ham,Tsia.. ovay tat ihany..
spam,"Azo antoka ianao fa ny Nokia Phone farany indrindra, mpilalao MP3 iPod 40GB na loka £500! Txt word: ANGONANA mankany amin'ny No: 83355! IBHltd LdnW15H 150p/Mtmsgrcvd18+"
ham,S:)tsy misy fifaninanana ho azy.
spam,Tonony manga Bolt ho an'ny 150p Valiny POLY# na MONO# oh POLY3 1. Cha Cha Slide 2. Eny 3. Jamz miadana 6. Toxic 8. Avia hiaraka amiko na Ajanony feo 4 fanampiny txt MORE
spam,Ny crédit-nao dia voaisy tombo-kase ho an'ny http://www.bubbletext.com Ny Pin fanavaozanao dia tgxxrz
ham,"Amin'izany fomba izany dia tsy dia manahirana loatra ny fitaterana noho ny amin'ny sabotsy alina. Raha ny marina, raha te hangataka n hiditra amin'ny bday ianao dia aza misalasala. Fa mila mahafantatra nos voafaritra toy ny famandrihana amin'ny fri."
ham,Matetika ny olona dia tsy mahatsiaro tena izany amin'ny ankizy fa amin'ny olon-dehibe dia mety manao fihetsika tsy mahazatra. Hiantso anao aho izao
ham,Saingy ao amin'ny ebay izany dia mety ho kely kokoa any an-kafa.
ham,Ho avy haka pickle ve aho
ham,Handeha haka tacos aho
ham,"Tena tsy mahalala fomba, ianao ao amin'ny campus?"
spam,"URGENT!: Nomena loka 2,000 £ Bonus Caller Prize ny laharana findainao tamin'ny 02/09/03! Ity no andrana fanindroanay hifandray ANAO! Antsoy ny 0871-872-9755 BOX95QU"
ham,"Salama, tsy hankalaza ny Krismasy 4 aho. Fa mankafy n merry x'mas."
spam,"Tolotra anio! Mitadiava voucher fihenam-bidy mitentina £150! Soraty ny YES amin'ny 85023 izao! SavaMob, manolotra finday ny mpikambana! T Cs 08717898035. £3.00 Sub. 16 . Esory ny valiny X"
ham,Eny! Manao ahoana ny vehivavy tsara tarehy toa anao mpitovo?
spam,Hahazo ny feonao ianao ao anatin'ny 24 ora manaraka. Raha mila fepetra sy fepetra dia jereo ny Channel U Teletext Pg 750
ham,Hoy i Jay fa olona roa ianao
spam,PRIVATE! Ny kaontinao 2003 ho an'ny 07815296484 dia mampiseho S.I.M 800 tsy voavotra. teboka. Antsoy ny 08718738001 kaody famantarana 41782 lany daty 18/11/04
ham,Ny anio-alahady..alahady dia fety..ka tsy miasa..
ham,Tara aho...
ham,"Efa elaela aho no tsy niantso anao. Manantena izahay fa ny tazomoka l8r ary fantatrao fa malahelo anareo izahay. Malahelo an'i Bani lehibe aho, ka omeo azy manokana ny fitiavako. Mirary tontolo andro finaritra."
ham,Salama tompoko o! Ahoana ny fandehan'io andro io? Manantena aho fa mety hahazo fitarihana amin'ny asa ianao. Mieritreritra anao aho ry boytoy ary mandefa oroka feno fitiavana avy any ampitan-dranomasina
ham,Mbola ho eto vetivety ihany angamba fa rahampitso alina &lt;)
ham,Na angamba ny rantsan-tanako matavy dia manindry ireo bokotra rehetra ireo fa tsy fantany izay tokony hatao.
ham,Ummmmmaah Faly maro be ny fiverenana amin'ny andro mamy malalako.
ham,"Any tirupur da aho, raha vao nanomboka ny birao ianao dia antsoy aho."
spam,avy amin'ny www.Applausestore.com MonthlySubscription@50p/msg max6/month T&CsC web age16 2stop txt stop
ham,"Teny nalaza : rehefa mampivelatra ny fahaizanao mihaino 'zavatra rehetra' tsy misy fepetra ianao nefa tsy manary hatezerana na fahatokisan-tena, dia midika izany fa ......... 'Manambady' ianao."
ham,Fa handeha any amin'ny oniversite aho. Ny hatao. sao dia marary ihany no tonga any. Pa.
ham,4 ora amin'ny ahy. Mba hanesorana drafitra fisaka fotsiny.
ham,Tsy mijanona eo am-pandriana ity tovovavy ity. Tsy mila fotoana fanarenana ity tovovavy ity. Aleoko sempotra eo am-pifalifaliana avy eo dia mikotrika eo am-pandriana
ham,Dia misy manokana any?
ham,Fantatro fa mila maka hotely ianao izao. Vao nahazo ny fanasana aho fa tsy maintsy niala tsiny. Tena mamy i Cali raha tonga amin'ny mariazin'ny lehilahy anglisy
ham,"Miala tsiny fa naharitra ela, omw izao"
ham,Andraso &lt;#&gt;  min..
ham,Ok omeo 5 minitra aho fa hitako izy. BTW ianao no alibiko. Nanapaka ny voloko ianao nandritra ny fotoana rehetra.
ham,"Alao sary an-tsaina hoe hilentika ao anatin'io fandroana io ianao amin'ny farany rehefa avy nandrotsaka anao tamin'ny dian-tongotrao ianao, mety ho nihinana ahy nandritra ny fotoana kelikely aza aho alohan'ny handehanako ... Fa alaivo sary an-tsaina koa ny fahatsapan'ilay tranom-borona eo amin'ny akoho voahodidin'ny rano fandroana, mampahatsiahy anao foana hoe iza no tompony ..."
ham,Haingana fa efa telo andro aho no tsy ampy ahi-dratsy
ham,"Mazava ho azy, raha mahazo fankasitrahana avy aminao aho fa tena tsy mahay mandanjalanja ary manjavozavo amin'ny ankapobeny ny mitaky fianianan-drà fo."
ham,Ok. Mandro mafana isan'alina misotro ronono iray kaopy dia hahita asa mahagaga ianao. Mbola mila manala lanja ianao. Mba hahafantaranao ihany
ham,"Hojereko ny vilany fandrao mora vidy na boky angamba. Tsia, hadalana fa tsy mety ho boky ny vilany"
ham,O. Ny uv no mahatonga ny mutation. Toy ny tena ilaina amin'izao fotoana izao ny écran solaire
ham,Misakafo atoandro:)tsy en ligne ianao?fa maninona?
ham,Fantatro fa efa nilaza izany ilay namako.
ham,Salama Princess! Misaotra anao tamin'ny sary. Tena tsara tarehy ianao. Manao ahoana ianao?
ham,"Aiyo... Ianao foana ny anay taloha... Tsy haiko ny momba ahy, tsy namaly izy... Sambany ianao namaly haingana be... Tsara vintana ianao fa tsy niasa, nahazo bao tamin'ny sugardad-nao ah...gee.."
ham,Salama msg aho :) any amin'ny birao aho..
ham,Thanx 4 e brownie fa tena tsara...
ham,Geeeee ... tiako loatra ianao ka zara raha zakako
ham,"Sipa ... malahelo anao sahady aho, fantatrao ? Tsy azonao atao ve ny mandefa vola aminao amin'ny haratonao? Mila anao aho ... mila anao ... mila anao ..."
ham,"Hiantso anao aho 2mrw amin'ny ninish, miaraka amin'ny adiresiko fa icky American freek tsy hijanona hiantso ahy 2 ratsy Jen k eh?"
ham,"Ooh, mipetraka am-pandriana ey? Inona no eritreretinao?"
ham,"Ka na izany na tsy izany, afaka mandeha any amin'ny gym ianao na inona na inona, ry malalako * mitsiky * Manantena aho fa ok ianao ary manana andro tsara babe ... Malahelo anao aho"
ham,Tiako! Hataon'i Dada mikiakiaka am-pifaliana ianao! Hikapoka ny borikiko amin'ny tsinaiko aho!
ham,INONA NO TIANAO ATAO ARY MISSY?
ham,Miandry 4 mamako 2 vita ny sch dia misakafo atoandro lor... Mijanona ao an-trano aho ny maraina manontolo manadio ny efitranoko izao ny efitranoko dia madio tsara... Hee...
ham,Fantatrao ve ny toerana nalehan'ny solomaso laboratoara
ham,Afaka manokatra ny varavarana ve ianao?
ham,Miandry ny antsonao.
ham,"Tsia, miandry aho amin'ny sch 4 dada ..."
spam,Nahazo vola ?1.000 na loka ?2.000 ianao! Raha mangataka dia antsoy ny 09050000327
ham,Sasatra ny miady hevitra aminareo momba ity herinandro ity. Ataovy izay tianao ary manomboka izao dia hanao toy izany koa aho.
ham,Andraso 4 aho amin'ny sch dia vitako ny ard 5..
spam,"Nahazo £5000 ny laharan-telefaoninay, mba hiantsoana antsoy na hiantso ny laharana mafana amin'ny 09050005321."
ham,"Ny fanambadiana dia rehefa mandeha ianao indrisy fa misy bibilava manaikitra anao. bt fanambadiana fitiavana dia mandihy ao amin'ny frnt ny d bibilava & amp; manaikitra ahy, manaikitra ahy."
ham,Hah aloha be.. Dia ü misakafo any ivelany izzit?
ham,Ok na izany aza tsy mila ovaina ny voalazanao
spam,Niezaka nifandray taminao izahay momba ny valinteninao momba ny tolotray 750 mn 150 sms ary antsoy amin'ny telefaonina video vaovao 08002988890 izao na valio rahampitso ny livraison maimaimpoana.
ham,tsy nanan-janaka ny vadiko taloha. Mila ankizy ve ianao indray andro any?
ham,Dia ahoana skotlandy. Manantena aho fa tsy latsa-danja amin'ny fanehoanao ny fironana JJC anao. Karakarao tsara ny tenanao. Velona ny nofy
ham,Lazao azy ireo fa marary andoha ianao ary te hampiasa ora 1 ora marary fotsiny.
ham,"Tsy haiko fa mbola hiala aho... Hmmm, afaka mandeha jazz ve? Yogasana oso dia afaka ... Afaka mandeha mihaona aminy isika aorian'ny lesona ..."
ham,Pete azonao atao ve ny miantso ahy fa tsy mahazo crédit
ham,Tsara kokoa noho ianao ianao
ham,"Mivory aho, antsoy aho any aoriana any"
spam,"Ho an'ny fahafahanao hahazo vola miantsena £250 isan-kerinandro TXT: SHOP to 80878. T's&C's www.txt-2-shop.com custcare 08715705022, 1x150p/wk"
spam,Voafantina manokana ianao hahazo loka 2000 pounds! Antsoy ny 08712402050 alohan'ny hifaranan'ny zotra. Vidiny 10ppm. 16+. Mihatra ny T&C. AG Promo
spam,PRIVATE! Ny kaontinao 2003 ho an'ny 07753741225 dia mampiseho 800 isa S. I. M. tsy voavotra. Antsoy ny 08715203677 Kaody famantarana: 42478 Lany 24/10/04
ham,Mbola eo amin'ny grand prix ve ianao?
ham,Nihaona taminao toy ny vahiny aho ary nifidy anao ho namako. Raha mbola mijoro izao tontolo izao dia tsy mitsahatra ny fisakaizana. Aleo ho namana mandrakizay!!! Gud nitz...
ham,lehibe aho! Manao ahoana ianao?
ham,Mirary tontolo andro mahafinaritra ry Tompo malala
spam,Manana fanambarana momba ny serivisy mpanjifa manan-danja ianao. Antsoy ny FREEPHONE 0800 542 0825 izao!
ham,Mety. Reraka tao anaty lamasinina androany maraina. Be loatra ny divay sy ny pie. Matory tsara koa ianao
ham,Hivoaka hividy fanomezana ho an’i neny aho ar.
ham,Mind blastin.. Tsy hisy Tsunami intsony manomboka izao.. Nitsahatra nilomano tany amin'ny ranomasimbe Indianina i Rajnikant..:-D
ham,Raha alefanao mody aloha izy dia tsy maninona. Mbola tsy vonona aho.
ham,Mbola manana vola ve izy?
ham,Mifalia any. Ho avy aho rehefa mitataovovonana
ham,Hihaona aorian'ny sakafo atoandro ny...
ham,MITANDREMA ary MITSARA TSARA
spam,XCLUSIVE@CLUBSAISAI 2MOROW 28/5 SOIREE SPECIALE ZOUK MISY NICHOLS AVY PARIS.FREE ROSES 2 REHETRA VEHIVAVY !!! info: 07946746291/07880867867
ham,Ny tiako holazaina dia tsy andriko ny hahita anao indray ho leo amin'ity resaka bridgwater ity
ham,Tsy maninona fa ok..
ham,"Tsy maninona, mahazo zava-pisotro aho na zavatra hafa. Te ho avy hitady anao ve aho?"
spam,22 andro manomboka izao! Ho an'ny Euro2004 U dia havaozina isan'andro ny vaovao farany sy ny valiny. Raha esorina dia mandefa GET TXT STOP amin'ny 83222
ham,Lalao valentine io. . . Alefaso amin'ny namanao rehetra ny msg. .. Raha 5 no mamaly r d mitovy dia misy olona tena tia anao. Ques- inona no loko mety amiko indrindra?
ham,Manana olon-tiana maro aho
ham,THANX4 ANIO CER MAHAY 2 TRACH UP FA MANANA 2 MITADY FOTOANA MASINA ARY TANDREMO AO AVY.C
ham,Niantso aho dia nilaza taminy daholo :) dia tsy maintsy misafidy io ho avy io izy.
ham,Tratry ny fetin'ny mpifankatia Fantatro aloha fa manana olona tsara tarehy sy tsara tarehy an-jatony aho. Noho izany dia nieritreritra ny hamita ny nenitoa sy dadatoa voalohany aho ...
ham,Tiany tsy v shock leh. Satria ny fitenenana shuhui dia toy ny filazana an'i leona koa. Saika fantatry ny rehetra ny liao. Nanontany ahy momba ny fihetseham-ponao izy.
ham,Mba hahasambatra ny fianakaviako..
ham,Tonga aho haka ü... Mivoaha avy hatrany aorian'ny lesona...
ham,Aoka hisy oram-panala. Aoka hisy oram-panala. Io karazana toetr'andro io dia mampitambatra ny ppl mba hitomboan'ny fisakaizana.
ham,Ry malala nahazo &lt;#&gt;  dolara hi hi
ham,Teny tsara.... Fa ny teny dia mety hahatonga anao ho kivy imbetsaka.
ham,Ataovy azo antoka fa fantatr'i ALEX fa tapitra ao anatin'ny dimy ambin'ny folo minitra ny fitsingerenan'ny andro nahaterahany.
ham,"miala tsiny, tsia, misy zavatra vitsivitsy tokony hatao. mety ho ao anaty pub aty aoriana."
ham,"Nah mahitsy izany, raha afaka mitondra tsimoka na zava-pisotro na zavatra tena ilaina kokoa noho ny vola mivantana"
ham,"Haha tsara heno, karama ofisialy aho ary eny an-tsena amin'ny faha-8"
ham,Firifiry ny lelaka vao tonga eo afovoan'ny tootsie pop?
ham,"Eny, heveriko fa hoy ny mpampianatra fa hahatonga ny tarehiko ho lava kokoa. Anontanio i Darren fa aza 2 fohy loatra."
spam,Vaovao TEXTBUDDY Chat 2 bandy mampihomehy ao amin'ny faritra misy anao 4 fotsiny 25p maimaim-poana 2 mahazo Search postcode na amin'ny gaytextbuddy.com. TXT ONE anarana mankany 89693
spam,Ny isa Vodafone androany mifarana amin'ny 4882 dia voafantina hahazo loka £350. Raha mifanandrify ny laharanao dia antsoy ny 09064019014 mba hahazoana ny lokanao £350.
ham,Aza miteny toy izany azafady. Hi hi hi
ham,Misaotra!
ham,Hafatra nampitaina izany. Noheveriko fa alefanao aty amiko izany
ham,Azoko. Fito ambin'ny folo kilao ho an'ny fitonjato ml - manantena ok.
spam,"Ry Tompon'ny Voucher malala, 2 dia mitaky tolotra amin'ity herinandro ity, amin'ny PC-nao, mankanesa any amin'ny http://www.e-tlp.co.uk/expressoffer Ts&Cs mihatra.2 ajanony ny lahatsoratra txt STOP mankany 80062"
ham,Mampihomehy ahy sy azy...
ham,"Ry malala, manantena aho fa tsy hanana andro toy izany ianao! Manana antony maro hitsiky. Biola"
ham,Rahoviana ianao no hiditra amin'io fotoana io... Dada maka ü mody izao?
ham,"Inona no hataontsika amin'ny douche, zaza?"
ham,Efa nametraka fanontaniana taminao aho ora vitsivitsy talohan'izay. Ny valiny
ham,"Eny ary, tena mila mamerina indray aho alohan'ny fisaorana, ampahafantariko anao rehefa mivoaka aho"
ham,"hoy ny oroka, oroka, tsy vitako ny éffets sound! Lehilahy tsara tarehy izy sa tsy izany! Karazana olona mila tsiky mba hampamirapiratra ny androny!"
ham,Mety hivezivezy afaka kelikely
ham,Tena tsara. . .miomana amin'ny alakamisy
ham,Allo! Nahery ny fiara fitateram-bahoaka izahay ary nandeha lamasinina ary nandresy. Ny tiako holazaina dia ao anaty b'ham isika. Manaova fialan-tsasatra mahafinaritra mandritra ny herinandro
ham,"Mijery sariitatra, mihaino mozika & amp; amin'ny alina tsy maintsy mandeha tempoly & amp; fiangonana.. Ahoana ny aminao?"
ham,Tsy maninona raha manontany aho hoe inona no nitranga? Tsy mila miteny ianao raha tsy mahazo aina.
spam,PRIVATE! Ny kaontinao 2003 momba ny kaontinao dia mampiseho 800 isa S. I. M. tsy voavotra. Antsoy ny 08715203694 Kaody famantarana: 40533 lany daty 31/10/04
ham,Tsy misy olana. halefako amin'ny mailakao.
spam,"Nahazo vola ?1.000 na loka ?2.000 ianao! Raha mangataka dia antsoy ny 09050000327. T&C: RSTM, SW7 3SS. 150ppm"
ham,Milay izany! Indraindray miadana sy malefaka. Indraindray sarotra sy sarotra :)
ham,Hiteny aho hoe tsia. Miala tsiny. Tiako fa toy ny mahazatra dia manomboka mitebiteby momba ny fotoana aho. Miala tsiny indray! Hitanao ve ny talata?
ham,"Andraso, fantatrao ve raha any an-tanàna i wesleys? Azoko antoka fa manao zava-mahadomelina hella izy!"
ham,Tena malahelo anao aho.
ham,Lazao azy ireo fa lasa tsy manam-paharetana ilay mpivarotra rongony
ham,"Tsy afaka tonga eto an-tany ny masoandro fa mandefa luv toy ny taratra. rahona tsy afaka tonga amin'ny renirano fa mandefa luv toy ny orana. Tsy afaka tonga hihaona aminao aho, fa afaka mandefa ny fikarakarana ahy amin'ny U. Gud evng"
ham,Tsy misy dikany ny mitondra azy any raha tsy maimaim-poana. Raha mila fanazavana fanampiny ianao dia wikipedia.com
spam,88800 sy 89034 dia serivisy finday avo lenta antsoy ny 08718711108
ham,Eo ambanin'ny ranomasina dia misy vatolampy. Ao amin'ny vatolampy dia misy valopy. Ao anaty valopy dia misy taratasy. Amin'ny taratasy dia misy teny 3...'
ham,Dia ahoana ny fibebahan'i neny?
ham,Miala tsiny fa hody aloha aho... Dada avia haka ü any aoriana...
ham,Avelao de :-). Manomboka miomana amin'ny manaraka :-)..
ham,Eny zaza! Afaka mianatra ny toeran'ny kama sutra rehetra isika ;)
ham,En chikku nange bakra msg kalstiya..dia nanao dite/kafe?
ham,Ho avy indray i Carlos raha mbola mila mividy ianao
ham,Ity karama ity dia &lt;DECIMAL&gt;  lakhs :)
ham,Bonne takariva! TTYL
ham,Naharay ny hafatrao ve ianao?
ham,Ho ho - be kibo mihomehy! See you tomo
spam,"SMS. ac sun0819 lahatsoratra HELLO:""Toa mahafinaritra ianao, te hiarahaba. HI!!!"" Mijanòna? Alefaso ny STOP amin'ny 62468"
spam,"Mahazoa RINGTONE voalohany anao IZAO! Valio amin'ny TONE ity hafatra ity. Gr8 TOP 20 tonony amin'ny findainao isan-kerinandro £1,50 isan-kerinandro fotsiny 2 tsy miala mandefa STOP 08452810071 16"
ham,Ditto. Ary tsy mila manahy momba ahy intsony ianao hilaza NA INONA aminao. Araka ny nolazaiko omaly hariva dia manao izay tianao ianao ary hanao toy izany koa aho. Fiadanana.
ham,"Manana &lt;#&gt; , misy fomba azoko alaina?"
ham,"Tsy haiko pa, misotro ronono fotsiny aho.."
ham,Angamba?! Manaova veloma ary fantaro raha nahazo ny karatrany. Fandosirana lehibe sa sotro rano?
ham,"Piggy, nifoha ve ianao? Azoko antoka fa mbola matory ianao. Handeha hisakafo 4 aho izao..."
ham,Satria tsy freaky aho lol
ham,Tsy hita ny antsonao satria nivazavaza tamin'i scrappy aho. Malahelo anao. Tsy miandry anao hody. Tena manirery aho androany.
ham,Inona ity toerana 'hex' resahinao ity? Hazavao!
ham,ü miala 4 wat. sdyb8i izy
ham,Mandeha 4 e misakafo ve i xy?
spam,Salama aho no fitoriana. 20 taona aho ary miasa toy ny lapdancer. Tiako ny firaisana. Alefaso SMS mivantana aho - Izaho izao no efitra fatoriako. soratra SUE amin'ny 89555. Avy amin'ny TextOperator G2 1DA 150ppmsg 18+
ham,Te-hanontany ü aho mba hiandry 4 ahy hamita ny lesona. Satria vita ao anatin'ny adiny iray ny taratasiko.
ham,Efa nahavita asa ve ianao? :)
ham,"Ny mpanjaka rehetra dia zazakely nitomany taloha ary ny trano lehibe rehetra dia sarintany taloha.. Tsy misy dikany ny toerana misy anao anio, fa ny toerana halehanao rahampitso. Gud ni8"
ham,"Ry malala, izaho ato amin'ny cherthala.raha ho avy ianao cochin dia antsoy alohan'ny hanombohanao.dia ho tonga koa aho.na lazao ahy hoe rahoviana ianao no ho avy."
ham,Misaotra fitiavana. Fa manao fanilo ve aho sa sahy.
spam,<Forwarded from 448712404000>Antsoy avy hatrany ny 08712404000 fa misy hafatra maika miandry anao.
ham,Nisokatra ve ny toeram-pambolena?
ham,"Miala tsiny fa manahirana anao indray. Afaka mividy 4d ho an'i Dada indray? 1405, 1680, 1843. Ny 2 lehibe 1 kely, nipetraka n masoandro. Thanx."
ham,"Ry rahavaviko, manantena ianao fa manana volana mahafinaritra. Hoy fotsiny hoe. Abiola"
ham,Hividy entana anio ary handefa mailaka aminao. Manana numéro po box ve ianao?
ham,Ah poop. Toa tsy maintsy alefa ao amin'ny solosainako ill prob mba ho raikitra satria misy olana amin'ny gpu
ham,Tsara. Niasa tsara. Tiako ny mpandraharaha
ham,"Aight, eo akaikinao ianao sa mbola any amin'ny toeran'i Alex?"
ham,mihaona aminao ao amin'ny corporation st outside gap… hitanao ny fiasan'ny saiko!
ham,I Neny mangataka ü hividy sakafo ao an-trano...
ham,K..tsy mandefa msg na mamaly ny msgny koa ianao..
ham,Ohatrinona r ü vonona aloa?
ham,Ny zava-dehibe dia ny fisorohana ny tsy fahampian-drano amin'ny fanomezana azy ranon-javatra ampy
ham,"Somary hafahafa izany, na dia ? - aiza no tokony hitranga? Saingy hevitra tsara, azo antoka fa ho any amin'ny pub izy ireo!"
ham,Ry malala..nipetraka nivavaka hariva aho ary nahatsapa izany.ka nandefa sms taminao aho tao anatin'ny fotoana fohy...
ham,"Mieritreritra aho fa tsy afaka miala amin'ny dia lavitra miaraka amin'ny fianakaviana ao an-tanàna aho, miala tsiny"
ham,Ka rahoviana ianao no te hanao gym harri
ham,Somary tara ihany... Ard 12 na izany aza dia efa nandeha fiara aho...
spam,"Raha te hijery sy hihazona ny efitrano lalao Nokia N-Gage mahafinaritra miaraka amin'ny Club Nokia, mandehana 2 www.cnupdates.com/newsletter. miala amin'ny fampandrenesana valio miaraka amin'ny teny OUT"
spam,Vidiny 4m ny antsasaky ny fanofana Orange line & finday fakan-tsary farany 4 MAIMAIMPOANA. Efa 11mths+ ve ny findainao? Antsoy maimaimpoana ny MobilesDirect amin'ny 08000938767 raha te hanavao izao! or2stoptxt T&Cs
ham,"Haavon'ny fahatokisana: Nantsoina hoe & amp; Nasaina nipetraka tao anaty fiaramanidina izy ireo. Rehefa avy nipetraka izy ireo dia nolazaina fa ny fiaramanidina dia nataon'ny mpianany. Dey daholo no nivoaka ny avion.. 1 ihany no tsy nihetsika... Hoy izy:""raha ny mpianatro no nanao an'io dia tsy manomboka akory izany........ Datz confiance.."
ham,Toa fotoana hafahafa fotsiny ny hoe ny alina izay tadiavinao sy ianao dia ny hahatongavako mifoka dia ny andro iray toy ny hoe misy tafio-drivotra lazaina fa tonga foana aho ary mahatonga ny olona rehetra hifoka.
spam,08714712388 eo anelanelan'ny 10 ora maraina-7 ora hariva
ham,Vonjeo ny adin-tsaina. Raha manana kaonty dorm ilay olona dia alefaso fotsiny ny antsipirian'ny kaontinao dia halefa aminao ny vola.
ham,Ny sakafo atoandro ihany koa no hainy da. . fantatro
ham,Rehefa manana zavatra hamidy aho dia lazaiko aminao
spam,+449071512431 MAIKA! Ity no andrana faha-2 hifandraisana amin'ny U!Nandresy £1250 ianao ANTSO 09071512433 b4 050703 T&CsBCM4235WC1N3XX. callcost 150ppm mobilesvary. max £7. 50
ham,Boky inona ny lesona? dia msg amiko ianao ... hiantso aho rehefa avy miasa na sth ... haka specs aho. PX3748 ny maha-mpikambana ahy
spam,NANDRESY vola 1000000000 na loka £2000 ianao. Raha mitaky ny loka taona dia antsoy ny solontenan'ny serivisy mpanjifa amin'ny 08714712394 eo anelanelan'ny 10 ora maraina-7 ora hariva
ham,Aza tezitra i Macha.Afaka mieritreritra ny toe-tsainao aho.Minoa ahy indray hariva miaraka amiko ary manana drafitra mahafinaritra ho antsika roa aho.AOKA HANOMBOKA INDRAY NY FIAINANA.Antsoy aho amin'ny fotoana rehetra
ham,Oh izany? Alefaso amiko ny adiresy
ham,Tsara. Amin'ny fotoana rehetra. Mirary soa amin'izany.
ham,Izany no wonder full flim.
ham,Na dia ireo cookies ireo aza dia misy jelly amin'izy ireo
ham,"Mihazakazaka izao tontolo izao ary mbola aho.mety hitovy ny fihetseham-po rehetra, ka na izany aza.na tsy maintsy ekeko fa very saina aho.dia aiza ny fanitsiana?sa lazaiko hoe fiainana izao.ary tohizo hatrany ny fihazakazahana miaraka amin'izao tontolo izao,mety hihazakazaka koa ianao.aleo mihazakazaka."
ham,Azoko! Toa matsiro ... i dada te hihinana anao mandritra ny alina!
ham,Soa fa tsy dia be loatra aho dao ok... 1 ora tolakandro lor... Tsy manontany mihitsy ianao hoe aiza no haleha ah... hoy aho hoe hanontany ianao amin'ny zoma fa hoy izy hoe hanontany ianao anio...
ham,"Eny ary omw, tsy maintsy ovaina ho antsasa-8 ny baiko"
ham,tena marina. Na ahoana na ahoana. Moa ve jide azy hianatra na mitsidika fotsiny
ham,Tsy haiko ianao manontany ahy.
spam,Email AlertAfrom: Jeri StewartSize: 2KBSobject: Drvgs precripiton sarany mba hihainoana mailaka antso 123
ham,"Tsia, tsy nanao izany izy. Tonga aloha ny lohataona yay!"
ham,Lol tsy halahelo ianao rehefa mampiasa ny volany aho hitondra anao hisakafo steak =D
ham,Na ianao aza tsy sahirana rehefa mandresy lahatra..teneno fotsiny izy indray mandeha na indroa dia tel an-tsirambina fotsiny ny msgs dia aza c mamaky azy..aza mamaly fotsiny
ham,Nandeha tany qatar tonite mba hitady fahafahana. nandeha haingana ny rehetra. azafady ampio aho amin'ny vavakao malala.Rakhesh
ham,Dia maninona no tsy misy miresaka amiko
ham,Misaotra nijery ahy. Tena mankasitraka.
spam,Salama. Tolotra tsy mivadika amin'ny mpanjifa: Ny finday Nokia6650 VAOVAO manomboka amin'ny £10 IHANY ao amin'ny TXTAUCTION! Txt word: START to No: 81151 & get your now! 4T&Ctxt TC 150p/MTmsg
ham,Enga anie aho hiaraka aminao izao!
ham,Haha mety hoe rite ianao... Fantatro tsara aho. Da feeling hoe tian'olona dia gd lor. Mandehana haingana ianao mitady iray avy eo ny vehivavy rehetra ao amin'ny vondrona misy antsika dia mifamatotra amin'ny liao.
ham,Eny ho any aho. Faly ianao fa nahavita izany.
ham,Ataovy tsara :) ny rehetra dia hanao mandritra ny fotoana fohy. Zavatra tsara ho avy:
ham,Vao nifoha. tsy maintsy mivoaka ny efitrano tsy ho ela. …. tsy namerina ny famantaranandro aho raha tsy tamin'ny 8 dia niantsoantso ny rehetra aho mba hifoha ary tonga saina fa tamin'ny 7. wahay. adiny iray eo am-pandriana.
ham,Ok. Mety misy gym maimaim-poana momba ny.
ham,Ny lehilahy dia tia vehivavy fohy kokoa. Jereo ny masony.
ham,Tsy haiko fa hoy izy hoe handeha lido. 930 ihany koa.
ham,Mampanantena aho fa hikarakara anao tsara ry andriambavy. Tsy maintsy mihazakazaka aho izao. Alefaso azafady ny sary rehefa misy fahafahana. TTYL!
spam,Ianao dia misoratra anarana amin'ny serivisy votoaty finday tsara indrindra any UK mandritra ny £3 isaky ny 10 andro mandra-pandefasanao STOP amin'ny 82324. Helpline 08706091795
ham,Misy antony tsy nitenenantsika tamin'ity taona ity ve? Na izany na tsy izany dia mirary herinandro mahafinaritra sy tsara indrindra amin'ny fanadinanao
ham,Amin'ny alatsinainy amin'ny herinandro manaraka. Omeo ahy ny hevi-dehibe
spam,"Tsapanao ve fa ao anatin'ny 40 taona eo ho eo, dia hisy vehivavy antitra an'arivony mihazakazaka manao tombokavatsa?"
spam,Manana fanambarana momba ny serivisy mpanjifa manan-danja avy amin'ny PREMIER ianao.
ham,Aza omena an'io caveboy molotra io
ham,Oviana ianao no tonga tao amin'ny tranomboky
ham,Tena miala tsiny-tsy fantatro io isa io ary very hevitra aho izao :) iza r u azafady?!
ham,Koa nahoana ianao no tsy nanao holla?
ham,Tsy afaka mieritreritra na iza na iza miaraka amin'ny * efitra malalaka * ambony lohako
ham,"Ny finoana no mahatanteraka ny zavatra rehetra,Ny fanantenana no mampandeha ny zavatra rehetra,Ny Fitiavana no mahatsara ny zavatra,Enga anie ianareo telo mirahalahy amin'izao Krismasy izao!Mirary Krismasy sambatra!"
ham,Tokony nanao fotoana ianao
ham,Antsoy aho rehefa eto ianao/carlos dia mihetsika ny fihovitrovitran'ny findaiko ary mety tsy handre hafatra aho
spam,"Paris romantika. 2 alina, sidina 2 manomboka amin'ny £79 Famandrihana izao 4 amin'ny taona manaraka. Antsoy ny 08704439680Ts&Cs."
ham,"Ao amin'ny renibe izahay. Ry malala, mbola marary ve ianao? Nahatsapa Shit aho androany maraina fa heveriko fa noana fotsiny aho! Alina indray avy eo. Miala sasatra izahay."
spam,Ny loka azo antoka £500 Urgent Ur dia mbola tsy takiana! Antsoy ny 09066368327 IZAO daty fanakatonana04/09/02 kaody fitakiana M39M51 £1.50pm fanampiny avy amin'nymobile2Bremoved-MobyPOBox734LS27YF
ham,Tsy misy na inona na inona fa mba manontany ihany izahay cos u ba gua... Fa nandeha mt faber eny izahay... Eny fa efa nivoaka aho ka androany tsy mivoaka... Miantso lor...
ham,"Mirary soa ho anao sy ny ankohonanao ""X"" mas ary SAMBATRA taom-baovao mialoha.."
spam,"UR dia nahazo City Break ary afaka MANDRESY £200 Summer Shopping spree isaky ny WK. Txt STORE amin'ny 88039. SkilGme. TsCs087147403231Winawk!Taona 16 £1,50 isaky nyWKsub"
ham,"Tsy handeha aho, manana zavatra, raha tsy hoe mihaona amin'ny sakafo hariva 4 izy ireo ... Haha, manontany tena aho hoe iza no handeha amin'ny fotoana ..."
ham,Lol fantatro! Tena mampihomehy izy ireo. Efa mihidy ny sekoly rahampitso. Toa tsy afaka mitondra fiara ao anatin'ny santimetatra ny lanezy tokony ho tonga izahay.
ham,Tsy mahazo na aiza na aiza amin'ity asa ratsy ity mihaza eto!
ham,Tpt! Ry mpimamo! Manao volo fotsiny d fotoana. Eny mbola miakatra amin'ny 4 anio alina. Inona ny drafitra?
ham,"Mitsangàna eto, tsy mikoropaka ny lalanao indroa misesy ianao"
ham,Ho eo aho miaraka amin'ny &lt;#&gt;  minitra. Nahazo toerana
ham,Misaotra naka ny fako.
ham,Maninona raha mandeha miteny amin'ny namanao ianao fa tsy azonao antoka fa te hiara-mipetraka aminy ianao satria mifoka sigara be loatra izy dia mandany ora maro mitalaho aminy mba hifoka sigara.
ham,"Salama ry Kate, mahafinaritra ny mahita anao anio alina ary miantso anao rahampitso. Tsy maintsy nihira aho ary nisy bandy nanome ahy ny karatrany! xxx"
ham,Tratry ny taona vaovao ry havana malala. Tena malahelo anao aho. Vao nahazo ny nomerao ianao dia nanapa-kevitra ny handefa ity hafatra ity ho anao ny fahasambarana. Abiola
ham,Midika izany fa mahazo ny varavarana
ham,Hmmm ... noheveriko fa 2 ora andevo no nolazainay fa tsy 3 ... Tara ianao ... Ahoana no hanasaziko anao ?
ham,Beerage?
spam,Manana fanambarana momba ny serivisy mpanjifa manan-danja avy amin'ny PREMIER ianao. Antsoy ny FREEPHONE 0800 542 0578 izao!
ham,Aza mieritreritra izany. Mivadika toy ny kisendrasendra izy io ao anatin'ny 5 minitra fanokafana
ham,"Tokony ho tonga izy saingy tsy afaka, fa mbola ao an-tanàna ihany"
ham,Izy irery no manao izany. Matetika izy io no manamboatra ny tsipelinao. Fa indraindray dia mahazo teny diff tanteraka. Mandehana sary
spam,Efa nieritreritra ny hiaina fiainana tsara miaraka amin'ny namana tonga lafatra ve ianao? Alefaso fotsiny ny NAME sy AGE raha te hiditra amin'ny vondrom-piarahamonina finday. (100p/SMS)
spam,"5 Top Polyphonic Tones maimaim-poana antsoy ny 087018728737, saram-pirenena. Mahazoa tonony toppoly alefa isan-kerinandro, soraty fotsiny ny SUBPOLY amin'ny 81618, £3 isaky ny pole. UnSub 08718727870."
ham,Manantena ianao fa nahafinaritra anao ny lalaoo omaly. Miala tsiny fa tsy nifandray aho fa azafady mba fantaro fa faly be ianao. Mirary herinandro mahafinaritra. Abiola
ham,Ny tsara indrindra 4 ur mitondra fiara tmr :-)
ham,AIZA ANAO AMIN'NY DOGBREATH? MANOKA FOTSINY JAN C THATS AL!!!!!!!!!
ham,Omg te-hivazavaza aho. Nolanjaiko ny tenako ary nihena be aho! Woohoo!
ham,Amin'ny ankapobeny dia tsy misy izany. Anarana tsy tambo isaina - u ao amin'ny rakibolana. tapa-kevitra?
ham,tena mampanembona ahy fotsiny ilay izy.
spam,"Ry mpanjifa Orange, azonao atao izao ny mangataka ny fanavaozana CAMERA PHONE anao ho an'ny tsy fivadihanao. Antsoy izao amin'ny 0207 153 9996. Mifarana ny 14 martsa ny tolotra. Mihatra ny T&C. Afaka misafidy"
ham,"Petey, aiza ianao sy ny namanao rehetra ao amin'ny Kinghead midina raha afaka tia an'i Nic ianao"
ham,Ok msg u b4 aho miala ny tranoko.
ham,Omeo vitsivitsy ny &lt;#&gt;  minitra lasa izay
spam,"Fahafahana farany! Mitadiava voucher fihenam-bidy mitentina £150 anio! Soraty ny SHOP amin'ny 85023 izao! SavaMob, manolotra finday! T Cs SavaMob POBOX84, M263UZ. £3.00 Sub. 16"
ham,Ny appt dia amin'ny &lt;TIME&gt; am. Tsy fahadisoako no tsy mihaino anao. Indroa aho no niteny taminao
spam,MAIMAIMPOANA mandritra ny herinandro voalohany! No1 Nokia tone 4 ny findainao isan-kerinandro dia antsoy fotsiny ny NOKIA amin'ny 8077 Mahazoa SMS ary ilazao ny namanao. www.getzed.co.uk POBox 36504 W45WQ 16+ norm150p/tonony
spam,Nahazo loka azo antoka £200 ianao na vola £1000 aza mba hitakiana ny loka UR antsoy maimaim-poana amin'ny 08000407165 (18+) 2 fijanonana amin'ny 88222 PHP. RG21 4JX
ham,K ho any aho alohan'ny 4.
ham,Nalefako 3d ny tena imp azy
ham,"azo antoka, fa ataovy azo antoka fa fantany fa mbola tsy mifoka sigara isika"
ham,Boooo miasa foana ianao. Mialà fotsiny.
ham,Maka fialan-tsasatra antsasaky ny andro aho satria tsy salama
ham,"Ah, tsy te hivoaka ny fandriana aho. Mafana be."
ham,S:)s.sahirana &lt;#&gt; :)
ham,Noho izany dia misy peratra miaraka amin'ny akanjon'ny bandy. Eo izany mba hahafahan'izy ireo manome fanomezana ho an'ny ho vadiny. Soso-kevitra
spam,Arahabaina ianao nahazo na £500 amin'ny kaody fanomezana CD & fidirana maimaim-poana 2 ny anay £100 isan-kerinandro an-tsary txt MUSIC amin'ny 87066 TnCs www.Ldew.com1win150ppmx3age16
ham,Mindramiko ny kitaponao ok.
spam,"Nolavin'i simonwatson5120 ianao tamin'ny Shinco DVD Plyr. 2 bid indray, tsidiho ny sms. ac/smsrewards 2 fampandrenesana tolo-bidy farany, valio END OUT"
ham,Aiza ny boytoy? Malahelo anao aho ... Inona no nitranga?
ham,"Manana be dia be izy, fa ny modely dia tsy manampy. Mila mitondra azy ianao ary hampifanaraka azy"
ham,Mitondra galileo na dobby koa ve ianao
ham,Dia maninona ianao no tsy mamaly
ham,BOO BABE! MANKALAZA NY ASA? TOA 2 B GETTIN ON HUNNY! MANANTENA AZY VE? TANDREMO & ILLSPEAK 2U SOONTS LOVEME XXXX.
ham,Tsara tolakandro ry kintana! Manao ahoana ny boytoy? Mbola maniry ahy ve izy? Malahelo aho manadala ahy ? *misotro cappuccino* Malahelo anao aho ry malala *oroka maneso*
ham,Teny an-dalana ka tsy afaka txt
spam,"SMSSERVICES. ho an'ny crédit lahatsoratra misy anao, azafady mandehana www.comuk.net login= 3qxj9 miala amin'ny STOP, tsy misy sarany fanampiny. fanampiana 08702840625.COMUK. 220-CM2 9AE"
spam,25p 4 Alfie Moon's Children in need hira ao amin'ny vahoakanao. Lazao ny m8s anao. Txt Tone charity to 8007 ho an'ny Nokias na Poly charity ho an'ny polys: zed 08701417012 profit 2 charity.
ham,Hmm .. Bitika sy tapany lol ... *misento* ...
ham,Hahaha..ampiasao ny atidohanao ry malala
ham,Hey. Nahazo mailaka ve ianao?
ham,"Miala tsiny fa lasa maitso ny jiro, ny tiako holazaina dia namana hafa no tadiavina &lt;#&gt;  mendrika fa mety tsy ho eo izy"
ham,Misaotra ny omaly tompoko. Nahafinaritra ianao. Manantena aho fa nahafinaritra anao ny fandevenana. MojiBiola
spam,Manana mpankafy tsiambaratelo ianao. AVERY izay mihevitra U R Tena miavaka. Antsoy ny 09065174042. Raha te hisafidy Valio REVEAL STOP. 1.50 isaky ny msg recd. Cust care 07821230901
ham,"Salama ry RV, nahafinaritra anao ve ny hafatra 3 miarahaba anao fa mbola tsy nandefa anao 1 taona nanomboka nitondra fiara ka mijanona eny an-dalana!RVx"
spam,"Ry Tompon'ny Voucher malala, Mba hitakiana ny tolotra amin'ity herinandro ity, ao amin'ny PC-nao dia tsidiho ny http://www.e-tlp.co.uk/expressoffer Ts&Cs mihatra. Mba hampitsaharana ny lahatsoratra dia txt STOP amin'ny 80062"
ham,Misaotra anao indrindra. Rehefa nanao skype izahay kz sy sura dia tsy nahazo ny fahafinaretana tamin'ny orinasanao. Manantena fa tsara ianao. Efa nomenay ultimatum oh! Miisa nidina ho any aburo isika. Ankafizo! Ity ny hafatra nalefako andro lasa izay
ham,Azo antoka fa hisy vokany :)
ham,Arahaba ry malala.......... Mirary soa &amp; andro mahomby.
spam,Mila 750 ve ianao amin'ny fotoana rehetra misy tambajotra mins 150 text sy telefaonina VIDEO VAOVAO amin'ny dimy kilao isan-kerinandro antsoy ny 08002888812 na valio ny fandefasana rahampitso
ham,"Tompoko, tara nandoa hofan-trano aho tato anatin'ny volana vitsivitsy ka tsy maintsy nandoa $ &lt;#&gt;  fiampangana. Tsapako fa tsy misy fiheverana ahy ny miteniteny momba ny zavatra omenao amin'ny vidiny be ho an'ny tenanao ary izany no antony tsy nitenenako. Ao anatin'ny fitotonganana anefa aho ary tsy afaka mandoa ny sarany amin'ity volana ity noho izany ny askin-ko alohan'ny faran'ny volana. Afaka manampy ve ianao? MISAOTRA"
spam,Niezaka nifandray taminao izahay momba ny atolotray Telefaonina Vidéo Vaovao 750 na oviana na oviana na oviana na oviana na oviana na oviana ny tamba-jotra ANTSAKY PRICE Manofa camcorder antsoy ny 08000930705 na valio amin'ny fanaterana Alakamisy
spam,Ny vintana farany 2 mitaky ny sandan'ny £150 amin'ny voucher fihenam-bidy-Text YES to 85023 izao!SavaMob-member dia manolotra finday T Cs 08717898035. £3.00 Sub. 16 . Esory ny txt X na STOP
ham,Tiako loatra ianao fa tsy azonao ny tena manokana anananao ahy 2 rahampitso fitiavanao xxx
ham,"Pls andefaso mailaka feno momba ny olona aloako, rahoviana ary ohatrinona."
ham,Nodimandry omaly alina ny renin'i Prashanthettan. mivavaha ho azy sy ny ankohonany.
spam,"Maika! antsoy ny 09066350750 amin'ny telefaoninao. Ny fialan-tsasatra Ibiza 4* maimaim-poana na vola 10,000 miandry ny fanangonana SAE T&Cs PO BOX 434 SK3 8WP 150 ppm 18+"
ham,K.k :) rahoviana ianao no handeha?
ham,Nandritra izany fotoana izany tao amin'ny suite shit: nanapa-kevitra i xavier fa hanome anay &lt;#&gt;  segondra fampitandremana fa tonga i samantha ary mitendry gitara an'i jay mba hampiaiky volana azy. Tsy heveriko koa fa fantatr'i doug fa tsy mipetraka eto intsony aho
ham,Tratran'ny trauma be ny vavoniko ka mianiana aho fa tsy afaka mihinana. Aleoko mampihena lanja.
ham,ao amin'ny birao aho:)inona no olana..msg amiko izao.dia hiantso anao aho rehefa miala sasatra:).
ham,"Eny, zara raha misy toerana ho antsika roa, X manana kiraro be loatra. Miala tsiny ralehilahy fa mbola hihaona"
ham,Efa tonga any amin'ny tanimboly ve ianao? Te-hividy tapakila aloha ve ianao?
ham,Tena misy aho ry zaza! Te-hivoaka ny tigress ao anatinao aho...
ham,Tsia da raha mihazakazaka ianao dia activé ny version feno da.
ham,AH BABY MAHANTRA! OLANA FA BE LOATRA NY ASA HEY ATAOVY SPK 2 U SN BE LOVEJEN XXX.
ham,Atsaharo ny tantara. Nolazaiko azy fa naveriko ary nilaza izy fa tsy tokony hamerina hanafatra azy aho.
spam,Resaka sexy!! Manaova namana vaovao na raiki-pitia amin'ny serivisy mampiaraka amin'ny soratra malina indrindra. Alefaso fotsiny ny VIP amin'ny 83110 ary jereo hoe iza no mety hihaona aminao.
ham,Te hitondra ny zanakao hivoaka ?
ham,Hoy aho rahampitso maraina.  &lt;DECIMAL&gt;  ho any amin'ny sathy dia ho any amin'ny biraon'ny RTO isika. Valio aho rehefa tonga tany an-trano.
ham,sotro dia mety ve izany?
ham,Nilaza fotsiny ve izy hoe misy antsoina hoe tampa
ham,Amin'ny asa izao. Afaka minitra vitsy.
ham,Ny rahalahinao dia manam-pahaizana
ham,"Miala tsiny, ataoko fa isaky ny afaka mahazo ny fifandraisako aho, mety adiny iray na roa? Alefako SMS ianao"
ham,Fantatrao ve hoe amin'ny firy ny fiara fitateram-bahoaka satria mila mandamina zavatra aho.
ham,Nahita corvettes lotta aho tato ho ato
spam,Arahabaina ianao nahazo CD famatsiana taona maro avy amin'ny Virgin Records na fanomezana mistery ANTOKOA Antsoy ny 09061104283 Ts&Cs www.smsco.net £1.50pm eo ho eo 3mins
ham,"Toy izany koa eto, saingy heveriko ho zava-dehibe ny rindrina sy ny bunker ary ny diky satria tsy milalao am-pilaminana mihitsy aho fa mihevitra aho fa avo ny toerana misy anao ka tsy maninona."
spam,PRIVATE! Ny kaontinao 2003 momba ny 07808 XXXXXX dia mampiseho 800 isa S. I. M. tsy voavotra. Antsoy ny 08719899217 Kaody famantarana: 41685 Lany 07/11/04
spam,Salama. Mila vorona tsara tarehy sy chaps izahay ho an'ny prod fitsapana mpampiasa ho an'ny champneys. Afaka mampidina anao ve aho? Mila adiresinao sy dob haingana aho. Ta r
spam,Inona no tadiavinao amin'ny Krismasy? Ahoana ny amin'ny hafatra an-tsoratra maimaim-poana 100 & telefaonina vidéo vaovao miaraka amin'ny fanofana antsasak'adiny? Antsoy maimaimpoana izao ny 0800 0721072 raha te hahalala bebe kokoa!
ham,"Eny ary amin'ny fomba ofisialy aho ao anaty lavaka filozofika, ka raha te hiantso aho ao an-trano dia vonona ny ho voavonjy!"
ham,Mandeha tsara...tsy misy olana..fa mbola mila traikefa kely vao mahazo ny feon'ny mpanjifa amerikanina...
ham,Alefako SMS ianao rehefa nidina x
ham,"Oh, andro naharitra. Reraka aho. Te hifoka sy hatory fotsiny"
ham,Miresaha amin'ny tenanao farafaharatsiny indray mandeha isan'andro...!!! Raha tsy izany dia halahelo ny NAMANA TSY MISY AMIN'IZAO TONTOLO IZAO...!!! -Shakespeare- SHESIL &lt;#&gt;
spam,"Miantsena hatramin'ny u Drop, IANAO ve, na 10K, 5K, £500 Cash na £100 Travel voucher, Antsoy izao, 09064011000. NTT PO Box CR01327BT fixedline Vidiny 150ppm finday miovaova"
ham,Ao anaty castor ve ianao? Mila mahita zavatra ianao
spam,Sunshine Quiz Wkly Q! Mandresy mpilalao DVD Sony ambony raha fantatrao hoe iza no firenena nilalao Liverpool tamin'ny tapaky ny herinandro? Txt ansr to 82277. £1.50 SP:Tyrone
spam,Manana mpankafy miafina mitady 2 ianao dia mifandraisa amin'ny U-dia fantaro hoe iza no ambaran'izy ireo hoe iza no mihevitra fa tena manokana ny UR-antsoy ny 09058094565
spam,Manana Secret Admirer ianao izay mitady 2 mifandraisa amin'ny U-dia fantaro hoe iza no lazain'izy ireo R*izay mihevitra fa tena manokana ny UR-miantso ny 09065171142-stopsms-08
spam,Fampahatsiahivana: Tsy nampidina ny atiny efa naloanao ianao. Mandehana http://doit. mymoby. tv/ hanangona ny atiny.
ham,"indro, fantatro fa ny fampiatoana anao im-betsaka dia mety hahatonga anao tsy hanadino ny tsy fahazoana mivezivezy amin'ny alina. Hanome anao iray aho, fa ny sarimihetsika mamatonalina dia tsy hivoaka raha tsy aorian'ny 2. Mila mody ianao. Mila matory ianao ary, raha misy, mila mianatra ny fanofanana sofina."
ham,Tiako ny manao otra. Mampiasa menaka zaza be dia be aho... Inona no toerana tianao?
ham,"Ry rahalahy, tokony handeha hisakafo indray isika"
ham,Yoyyooo hainao ny manova ny fahazoan-dàlana amin'ny fiara amin'ny mac. Ny USB flash drive
ham,Gibbs unsold.mike hussey
ham,Tiako ny miresaka pa fa tsy afaka. tsy haiko y.
ham,Fohy loatra leh. tiako ianao ah? Tsy nahomby izy. Tena malahelo izy.
ham,Ry faglord tsy mampino
ham,Vady.ny fomba nahafantarany marina ny fotoana famonoana olona
ham,Nahoana ianao no manontany andriambavy?
ham,andriambavy lehibe aho! Inona no hevitrao momba ahy? :)
ham,Nutter. Cutter. Ctter. Cttergg. Cttargg. Ctargg. Ctagg. ie ianao
ham,Tsy maninona aho fa sahirana ianao fa tena leo loatra aho ka msg aminao. Tsy haiko izay loko nofidiny 4 ahy.
ham,Tsy misy kilasy aloha rahampitso ka tsy tokony hifoka sigara amin'ny &lt;#&gt;
ham,"Hevitra tsara- ""Mankasitraka fa tsy manana izay rehetra tadiavinao ianao. Midika izany fa mbola manana fahafahana ho sambatra kokoa ianao rahampitso noho ny anio."" :-)"
ham,Manantena fa manana herinandro tsara ianao. Misoratra anarana fotsiny
ham,"Efa zatra aho. Manantena aho fa tsy hanary ahy ny masoivoho satria namandrika zavatra vitsivitsy aho tamin'ity taona ity. Ity iray manontolo ahy tany boston ity, izy ireo tany nyc dia fanandramana."
ham,"Alakamisy alina? Eny, azo antoka fa handamina izany isika avy eo"
ham,Mampanahy ny vola angamba. Ho avy ny zava-drehetra ary manana faktiora miavaka aho amin'ny asa nataoko roa sy telo volana lasa izay.
ham,Ahoana no ahafahanao mampianatra anao. Ary aiza.
ham,"Manontany tena aho raha maty ny bateria findainao? Tsy maintsy nilaza taminao aho, tiako ianao ry zaza"
ham,Maimbo tsara amin'ity fiara fitateram-bahoaka ity fa tsy sigara...
ham,"Manahy daholo isika eto, efa nihevitra ny ratsy indrindra i derek sy i taylor"
ham,Hey charles miala tsiny fa tara ny valiny.
spam,"ny farany indrindra avy amin'ny Stereophonics, Marley, Dizzee Racal, Libertines ary The Strokes! Mandresy lalao Nookii miaraka amin'ny Flirt!! Tsindrio ny TheMob WAP Bookmark na soraty ny WAP amin'ny 82468"
ham,"Omeko azy indray mandeha aho. Ankoatra izany, hoy izy grinule miarahaba anao isaky ny miresaka isika"
ham,WHITE FUDGE OREOS ANY amin'ny magazay
spam,"Varotra lehilahy Janoary! Mora kokoa izao ny chat Gay mafana, antsoy ny 08709222922. Ny tahan'ny nasionaly manomboka amin'ny 1.5p/min mora ka hatramin'ny 7.8p/min ambony indrindra! Atsaharo ny SMS antsoy ny 08712460324 (10p/min)"
ham,Ry tiako ! Fa maninona no ela be vao nandeha tany Zaher? Nahazo ny teninao tao amin'ny ym aho ary faly nahita azy ireo saingy nalahelo fa niala ianao. Malahelo anao aho
ham,Miala tsiny aho fa nandratra anao.
ham,tsy afaka. Te-handoa aho. Tezitra be aho. Tsy nihinana zava-mamy aho nandritra ny herinandro satria nikasa ny hivoaka kisoa aho androany. Nisakafo nandritra ny herinandro aho. Ary izao aho tsy noana :/
ham,Ok lor fa tsy aloha loatra. Mbola manao fivorian'ny tetikasa aho izao.
ham,"Antsoy aho da, miandry ny antsonao aho."
ham,Afaka manontany an'i carlos aho raha afaka mahazo bebe kokoa isika raha misy olon-kafa afaka miditra
ham,Saika handefa fampahatsiahivana ho anao androany. Mirary faran'ny herinandro mahafinaritra
ham,"Rehefa hitan'ny olona ny msgs-ko dia heveriny fa andevozin'ny hafatra aho... Diso izy ireo, Bcoz Tsy fantatr'izy ireo fa andevozin'ny namako mamy aho..!! BSLVYL"
ham,Hey ianao nanome azy ireo ny sarinao rehefa nisoratra anarana hitondra fiara ah? Tmr te hihaona amin'ny yck?
ham,Aza miresaka aminy mihitsy ok fa ny teniko.
ham,Rehefa hitanao izany
ham,Teny an-dalana ho any an-tsekoly. Afaka alefaso amiko ve ny nomeraon'i ashley
ham,Ho tsara izany. Manana avalarr aho izao. Hollalalater
ham,Nandeha nanatrika fihodinana roa indray izy androany..saingy mbola tsy tonga tao an-trano..
ham,Raha ny marina dia nofafako ny tranokalako taloha.. izao aho dia mibilaogy ao amin'ny magicalsongs.blogspot.com
ham,"K, andraso chikku..il alefa aftr &lt;#&gt; minitra"
ham,"Fa manao régime aho. Ary nihinana pizza 1 be loatra aho omaly. Ah, manao régime FOANA aho."
ham,K :) omeko ny antsipirian'ny kvb acc-ko :)
ham,Oh tsy maintsy tonga daholo ah?
spam,vola!!! mpandresy tsara vintana ianao! 2 angataho ny volan'ny lokanao 2 88600 mihoatra ny £1million hatolotra! ppt150x3+boaty tahan'ny lahatsoratra mahazatra403 w1t1jy
ham,Tena miala tsiny aho fa tsy ho vitako 2 amin'ity zoma ity. manantena fa hahita hafa ianao. manantena fa hilamina ny taonanao:-)
ham,Arahabaina ianao. Ankafizo ary mirary fotoana mahafinaritra ho anao aho na aiza na aiza alehanao
ham,Dia mbola manana soroka samus ve ianao
ham,Amin'ny firy no heverinao fa hanana izany ianao? Mila mahafantatra hoe rahoviana aho no tokony ho eo akaikin'ny campus
spam,"Ry Matthew malala, antsoy ny 09063440451 amin'ny antso an-tariby, ny fialan-tsasatra 4*Lux Tenerife na £1000 CASH miandry ny fanangonanao. ppm150 SAE T&C Box334 SK38XH."
ham,Avy eo dia manao pataloha jeans ...
ham,"Hatramin'ny oviana, iza no lafiny, misy tazo, misy vomitin."
ham,K:)k.eny amin'ny oniversite ve ianao?
spam,"Maika! antsoy ny 09061749602 avy amin'ny Landline. Ny fialan-tsasatra 4* Tenerife anao na vola £10,000 miandry ny fanangonana SAE T&Cs BOX 528 HP20 1YF 150ppm 18+"
ham,"Tsara kokoa. Namboarina tamin'ny zoma ary nameno ny tenako toy ny kisoa omaly. Mahatsiaro bleh aho izao. Fa fara faharatsiny, tsy misy fanaintainana mikisaka."
ham,"Tsia, amidinay daholo izany ka hanana taonina raha vola madinika. Dia amidio amin'olona amin'ny alalan'ny paypal ny volantsika. Voila! Averina amin'ny paosin'ny fiainana ny vola :)"
ham,Manao izany amin'ny toerana maro izy ireo. Hopitaly sy toeram-pitsaboana ihany no azo antoka.
spam,Ahoana raha mifandray amin'ny olona miandry orinasa? Avereno txt fotsiny ny ANARANA sy ny taonanao mba hirotsahana! Ankafizo ny fiarahamonina (150p/SMS)
ham,Ary koa efa imbetsaka aho no nanapoaka azy tato ho ato ka aleoko tsy mandefa sms avy any manga mitady ahi-dratsy
ham,"Nalefako tany amin'ny sopha ny naotiko ary tsy maintsy nanao fangatahana faharoa ho an'ny sekoly vitsivitsy aho. Heveriko fa raha mieritreritra ny hampihatra ianao dia manaova fikarohana momba ny vidiny ihany koa. Mifandraisa amin'ny vazivazy ogunrinde, ny sekoliny dia iray amin'ireo lafo vidy kokoa"
ham,Tsy andriko ny hahita anao! Ahoana no nahasoa ireo sary? :)
spam,500 kilao ny sandan'ny volanao amin'izao fotoana izao - mba hampitomboana ny vola miditra aminao izao dia alefaso any amin'ny 86688 150p/msg fotsiny. CC: 08718720201 PO BOX 114/14 TCR/W1
ham,"Hey efa namandrika ny kb aho tamin'ny sat... lesona hafa ho atao inona ah? Ataovy maimaim-poana ny alin'ny sabatanao, mila mihaona sy manamafy ny trano hipetrahanay izahay"
ham,Chk amin'ny malalanao ms dict
ham,Amin'izay ve no fotoana tianao hahatongavako?
ham,"Mahafinaritra, avelao aho hahafantatra isaky ny misy anao"
ham,Shb b ok lor... Misaotra...
ham,"Fahamarinana mahafinaritra miady amin'ny Gravity.. Vakio tsara: ""Mahatsiaro maivana ny fontsika rehefa misy olona ao anatiny.. Fa tena mavesatra tokoa raha misy miala amin'izany.."" SALAMA"
ham,Tsarovy ihany koa ny maka ny vilia baolina dobby amin'ny fiaranao
spam,Tantara maloto sy VEHIVAVY miandry anao
ham,Miala tsiny aho izao dia mandefa hafatra ... Yar lor tena mahantra ... Fa 4 ihany indray alina ... Tmr ianao dia hanana efitrano vaovao 2 hatory ao ...
ham,"Tsy fanapahan-kevitra ny fitiavana fa fihetseham-po. Raha afaka manapa-kevitra isika hoe iza no hotiavina, dia ho tsotra kokoa ny fiainana, fa tsy dia mahagaga loatra"
ham,Welp toa nisotro ronono izy
ham,Ny kaodim-pizarako dia ary ny acc no dia . Ny banky dia natwest. Afaka mamaly ve ianao mba hanamarina fa nalefako tany amin'ny olona mety izany!
ham,Aiza @
ham,Azo antoka ve ianao fa tsy afaka maka fotoana marary?
spam,MAIKA! Miezaka ny hifandray amin'i U. Ny fisarihana androany dia mampiseho fa nahazo loka £800 GARANTIE ianao. Antsoy ny laharana 09050001808. Mitaky M95. Valiny 12h ihany
ham,Yo chad kilasy gymnastique inona no tianao horaisina? Ny tranonkala dia milaza fa feno ny kilasy kristiana.
ham,Na tsara kokoa raha azonao tratrarina izy ary avelao izy hanontany azy raha afaka mivarotra &lt;#&gt;  ho ahy.
ham,Tsy azoko antoka ny momba ny sakafo alina. . . Ny sakafo atoandro ihany no fantatro
ham,Inona no tadiavinao rehefa miverina aho?.Rojo tsara tarehy ho mariky ny foko ho anao.Izay no homeko fa ny VADY TIA IHANY.MBA IZANY ARY HITANAO..TSY MISY afaka manome anao izany.aza miantso ahy fa hiandry aho mandra-pahatongany.
ham,Vonona ny handeha amin'ny kilasy fahaiza-manao ve ianao.
ham,"Tsy mety raha tsy amin'ny 2.15 raha manandrana manamboatra trano 2, mety ve izany?"
ham,"Yar lor izy wan 2 handeha c hazakazaka soavaly anio mah, ka mihinàna aloha lor. Nihinana vary akoho aho. U?"
ham,"Haha mahafinaritra, omw indray izao"
ham,"Eny e, mandram-pikatona ny fivarotana."
ham,inona ny laharan'ny kaontinao?
ham,Eh diso ny fandefasanao lar...
ham,"Tsia, tsy nisy nandiso fanantenana ahy aho raha tsy nisy anao 2 boggy niaraka tamiko ry biatch mankaleo! Misaotra fa miandry mandra-pahatongan'ny fotoana ho anao"
ham,Ok hiresaka aminy aho
ham,Aza misalasala. Fantatrao fa fanindroany izao izy no nanana fahalemena toy izany. Koa tazomy amin'ny kahie ny sakafony sy nataony ny omalin'iny na raha nisy zavatra niova ny andro talohan'izay mba ho azo antoka fa tsy misy na inona na inona.
ham,Hey afaka mandoa ianao. Miaraka karama de. Ihany ny &lt;#&gt; .
ham,Iray volana. Mila tsimparifary sy alikaola aho.
ham,Raha nanomboka nitady izy dia hahazo asa afaka andro vitsivitsy. Manana talenta sy talenta lehibe izy.
ham,Reckon dia tokony ho ao an-tanàna amin'ny valo ambin'ny folo handeha an-tongotra avy amin'ny * fiantsonan'ny fiara.
spam,"Arahabaina! 2 finday 3G Videophones R anao. antsoy ny 09063458130 izao! videochat miaraka amin'ny namanao, milalao lalao java, Dload polyPH mozika, noline rentl."
ham,JEREO NY FOTOANA FOTOANA. INONA NO HEVITRAO
ham,Eritrereto izay nalatsako
ham,Nilaza i Carlos fa ho any mu ao &lt;#&gt;  minitra
ham,Eo amin'ny birao aho izao . hiantso anao aho &lt;#&gt;  min :)
ham,"Geeee ... Malahelo anao sahady aho, fantatrao ? Ny anao ihany no azoko eritreretina. Fuck, tsy afaka miandry aho mandra-pahatongan'ny taona manaraka izay hiarahanay ... * oroka feno fitiavana *"
ham,"Yun ah.ilay ubi no miteny raha ü wan miantso rahampitso. miantsoa 67441233 mitady irene.ere ihany no nahazo bus8,22,65,61,66,382. Ubi cres,ubi tech park.6ph mandritra ny 1er 5wkg andro.èn"
ham,Ugh. Mila mitondra fiara miverina mankany sd avy any la. Marary ny kiboko.
ham,26 JOLAY
ham,"Salama, manana fotoana fialan-tsasatra indrindra aho! tsy maintsy mifoha amin'ny 7 ora maraina isan'andro! nahafinaritra ve ny fety tamin'iny alina iny? Hody aho rahampitso amin'ny 5 ora."
ham,Hatramin'ny ü... Ü wan avia dia avia lor... Fa tsy misy zipo misy stripes aho...
ham,Fiadanana ny tantaran'ny Krismasy.. Fitiavana ny hafatra Krismasy.. Ny fahagagana Krismasy dia Jesosy.. Mirary volana feno fitahiana ho avy &amp; mirary Krismasy sambatra ho anao...
ham,tsy azoko fa tsy manana numéro azy aho!
ham,Ovay indray... Eo akaikin'ny escalator io...
ham,"Mbola ao an-dakilasy ve aho, tsy afaka manondraka rano ve ianao mba hahatonga azy io ho ok. Pls izao."
ham,Tsy dia betsaka no nitranga teto. Mahatsiaro tena mangina. Ao amin'ny nenitoany i Beth ary miasa betsaka i Charlie. Izaho sy i helen ihany no ao amin'ny mo. Nanao ahoana ianao izay?
ham,Avy eo andraso 4 aho eo amin'ny fiantsonan'ny fiara fitateram-bahoaka aorian'ny fianaranao. Raha diso aho dia mandeha maka ny fiarako dia miverena ary maka ü.
spam,Mvola: Nahazo loka 500.000Ar ianao. Antsoy ny 0340000000 handraisana azy.
spam,Orange Money: Nahazo kadoa 200.000Ar ianao. Tsindrio ity lien ity: bit.ly/om-kadoa
spam,Fampitandremana: Hidiana ny kaonty Airtel Money-nao. Antsoy ny laharana 0331265432
spam,Nisy fahadisoana ny transfert nataoko taminao. Mba avereno amin'ity laharana ity ny vola
spam,Mahazo crédit 5.000Ar maimaimpoana ianao. Alefaso ny laharana 0345697842
spam,Félicitations! ianao dia Voafidy hahazo loka amin'ny Telma. Antsoy ny laharana 0387965412
spam,Maika: Mila fanampiana ny havanao any amin'ny hopitaly. Alefaso vola haingana ny vola amin'ny laharana 0383475169
spam,Mitady mpiasa maika izahay. Karama 800.000Ar isan-bolana. atsoy ity numero ity 0325879413
spam,Nahazo Bonus 10Go ianao. Mba hampandehanana azy dia omeo ny kaody ny orange money anao
ham,Efa tonga ve ianao? Miandry anao izahay eto an-trano.
ham,"Miarahaba, aza adino ny mitondra ny kahie rahampitso. Misaotra."
ham,"Manao ahoana, afaka miantso ve ianao fa misy zavatra kely horesahina?."
ham,Efa nalefako ny vola tamin'ny Mvola. Jereo ny SMS.
ham,Ho avy any an-trano aho amin'ny 6 ora hariva.
ham,"salama, afaka mba raisiao ve ny appelak azfd."
ham,ts tafandal zah raikitra b.
spam,"Felicitation!, ianao dia voasarika tamin'ny lalao tombola nokarakarain'ny SIRAMA, atsoy ity numero ity 0345697264"
ham,handeha hak an'le entana zah av ew
spam,"Arahabaina ianao dia voasarika tamin'ny lalao nokarakarain'ny tranombarotra MORA PRIX, ka mba afahanao maka ilay loka de antsoy ity numero ity 0336974231"
ham,ndw am zay
spam,"Felicitation!, ianao dia nahazo 4*4 avy amin'ny SIRAMA, atsoy ity numero ity hakanao azy 0345972103"
spam,"Arahabaina!, ianao dia nahazo vola 100.000.000ar avy amin'ny YAS, ka atsoy ity numero ity 0324769212"
ham,tsara tarehy ilay vehivavy
spam,"Felicitation!, ianao dia nahazo vola 7.000.000.000 tamin'ny societe SOMAVA, ka atsoy ity numero ity 0387965423"
spam,"Felicitation!, ianao dia voasarika tamin'ny lalao tombola nokarakarain'ny TELMA, atsoy ity numero ity 0345667264"
ham,mandehana at antran 
ham,ok
ham,"ok, mandeh ilay compte"
ham,"slm, ve ianao?"
spam,"Felicitation!, ianao dia nahazo 4*4 avy amin'ny SOMAVA, atsoy ity numero ity hakanao azy 0345972103"
spam,"Felicitation!, ianao dia voasarika tamin'ny lalao tombola nokarakarain'ny SIRAMA, atsoy ity numero ity 0345696264"
ham,"Miarahaba tompoko!, aza omena olona ny kaody nao "
spam,"Miarahaba tompoko!, ianao dia voasarika nahazo 4*4, ka atsoy ity numero ity 0334597618"
ham,millw le zaz ka!
ham,"ok, voaraiko ilay vola tompoko."
spam,"Felicitations!, ianao dia nahazo trano avy amin'ny orinasa SOMAVA, atsoy ity numero ity hakanao azy 0345972103"
ham,mandeha ilay compte tompoko
